# WaveFront *.obj file (generated by Autodesk ATF)

mtllib 8fe05a79-b022-4963-aabc-d240db46d84e.mtl

g 솔리드1:1

v 1710.907135 25.995712 471.000023
v 1590.907135 25.995712 471.000023
v 1590.907135 25.995712 464.000015
v 1710.907135 25.995712 464.000015
v 1710.907135 15.995713 471.000023
v 1590.907135 15.995713 471.000023
v 1710.907135 4.489005 470.591164
v 1710.907135 1.563151 471.312294
v 1710.907135 -1.105097 472.712708
v 1710.907135 -3.360673 474.710960
v 1710.907135 -5.072488 477.190971
v 1710.907135 -6.141061 480.008545
v 1710.907135 -6.504288 482.999992
v 1710.907135 -6.141061 485.991440
v 1710.907135 -5.072488 488.809052
v 1710.907135 -3.360673 491.289024
v 1710.907135 -1.105097 493.287315
v 1710.907135 1.563151 494.687729
v 1710.907135 4.489005 495.408859
v 1710.907135 7.502420 495.408859
v 1710.907135 10.428274 494.687729
v 1710.907135 13.096521 493.287315
v 1710.907135 15.352097 491.289024
v 1710.907135 17.063915 488.809052
v 1710.907135 18.132484 485.991440
v 1710.907135 18.495713 482.999992
v 1710.907135 18.132484 480.008545
v 1710.907135 17.063915 477.190971
v 1710.907135 15.352097 474.710960
v 1710.907135 13.096521 472.712708
v 1710.907135 10.428274 471.312294
v 1710.907135 7.502420 470.591164
v 1710.907135 20.995712 464.000015
v 1710.907135 20.995712 460.000000
v 1710.907135 41.995711 460.000000
v 1710.907135 41.995711 497.000008
v 1710.907135 39.614663 497.000008
v 1710.907135 37.155910 494.881668
v 1710.907135 34.320269 493.303070
v 1710.907135 31.224408 492.329178
v 1710.907135 27.995710 492.000008
v 1710.907135 24.767013 492.329178
v 1710.907135 21.671157 493.303070
v 1710.907135 18.835516 494.881668
v 1710.907135 16.376764 497.000008
v 1710.907135 -4.385337 497.000008
v 1710.907135 -6.844093 494.881668
v 1710.907135 -9.679732 493.303070
v 1710.907135 -12.775589 492.329178
v 1710.907135 -16.004289 492.000008
v 1710.907135 -19.232985 492.329178
v 1710.907135 -22.328844 493.303070
v 1710.907135 -25.164485 494.881668
v 1710.907135 -27.623239 497.000008
v 1710.907135 -30.004287 497.000008
v 1710.907135 -30.004287 460.000000
v 1710.907135 -9.004288 460.000000
v 1710.907135 -9.004288 464.000015
v 1710.907135 -14.004288 464.000015
v 1710.907135 -14.004288 471.000023
v 1710.907135 -4.004287 471.000023
v 1710.907135 -4.004287 466.000023
v 1710.907135 -2.004287 464.000015
v 1710.907135 13.995712 464.000015
v 1710.907135 15.995713 466.000023
v 1590.907135 -4.004287 471.000023
v 1590.907135 -14.004288 471.000023
v 1590.907135 -9.004288 459.000015
v 1709.907227 -9.004288 459.000015
v 1709.907227 -30.004287 459.000015
v 1590.907135 -30.004287 459.000015
v 1590.907135 13.995712 464.000015
v 1590.907135 -2.004287 464.000015
v 1583.907166 -33.004289 501.000023
v 1590.907135 -33.004289 501.000023
v 1590.907135 44.995713 501.000023
v 1583.907166 44.995713 501.000023
v 1751.907196 5.577598 486.978111
v 1751.907196 7.231780 486.804237
v 1750.907135 6.457055 487.978668
v 1718.907166 -5.413607 481.558685
v 1718.907166 -5.413607 484.441338
v 1717.907257 -6.504288 482.999992
v 1590.907135 -9.004288 464.000015
v 1590.907135 42.995710 477.000008
v 1590.907135 42.995710 460.000000
v 1590.907135 41.995711 459.000015
v 1590.907135 20.995712 459.000015
v 1590.907135 20.995712 464.000015
v 1590.907135 15.995713 466.000023
v 1590.907135 -4.004287 466.000023
v 1590.907135 -14.004288 464.000015
v 1590.907135 -31.004291 460.000000
v 1590.907135 -31.004291 477.000008
v 1709.907227 -31.004291 460.000000
v 1709.907227 -31.004291 497.000008
v 1709.907227 -30.004287 497.999992
v 1590.907135 -31.004291 497.000008
v 1590.907135 -30.004287 497.999992
v 1709.907227 -27.184629 497.999992
v 1709.907227 -7.157404 495.886688
v 1709.907227 -4.823948 497.999992
v 1709.907227 -9.880563 494.306946
v 1709.907227 -12.873468 493.330383
v 1709.907227 -16.004289 492.999992
v 1709.907227 -19.135107 493.330383
v 1709.907227 -22.128015 494.306946
v 1709.907227 -24.851170 495.886688
v 1709.907227 16.815373 497.999992
v 1709.907227 36.842594 495.886688
v 1709.907227 39.176054 497.999992
v 1709.907227 34.119434 494.306946
v 1709.907227 31.126528 493.330383
v 1709.907227 27.995710 492.999992
v 1709.907227 24.864893 493.330383
v 1709.907227 21.871986 494.306946
v 1709.907227 19.148829 495.886688
v 1709.907227 42.995710 460.000000
v 1709.907227 41.995711 459.000015
v 1709.907227 20.995712 459.000015
v 1709.907227 41.995711 497.999992
v 1709.907227 42.995710 497.000008
v 1590.907135 42.995710 497.000008
v 1590.907135 41.995711 497.999992
v 1718.907166 17.134420 480.140076
v 1717.907257 18.132484 480.008545
v 1718.907166 17.495714 482.999992
v 1717.907257 17.063915 477.190971
v 1718.907166 16.073239 477.459831
v 1717.907257 15.352097 474.710960
v 1718.907166 14.378850 475.127716
v 1717.907257 13.096521 472.712708
v 1718.907166 12.157722 473.290253
v 1717.907257 10.428274 471.312294
v 1718.907166 9.549408 472.062874
v 1717.907257 7.502420 470.591164
v 1718.907166 6.717804 471.522713
v 1717.907257 4.489005 470.591164
v 1718.907166 3.840828 471.703720
v 1717.907257 1.563151 471.312294
v 1718.907166 1.099251 472.594490
v 1717.907257 -1.105097 472.712708
v 1718.907166 -1.334663 474.139099
v 1717.907257 -3.360673 474.710960
v 1718.907166 -3.307982 476.240463
v 1717.907257 -5.072488 477.190971
v 1718.907166 -4.696717 478.766556
v 1717.907257 -6.141061 480.008545
v 1717.907257 -6.141061 485.991440
v 1718.907166 -4.696717 487.233429
v 1717.907257 -5.072488 488.809052
v 1718.907166 -3.307982 489.759521
v 1717.907257 -3.360673 491.289024
v 1718.907166 -1.334663 491.860924
v 1717.907257 -1.105097 493.287315
v 1718.907166 1.099251 493.405533
v 1717.907257 1.563151 494.687729
v 1718.907166 3.840828 494.296303
v 1717.907257 4.489005 495.408859
v 1718.907166 6.717804 494.477310
v 1717.907257 7.502420 495.408859
v 1718.907166 9.549408 493.937149
v 1717.907257 10.428274 494.687729
v 1718.907166 12.157722 492.709770
v 1717.907257 13.096521 493.287315
v 1718.907166 14.378850 490.872307
v 1717.907257 15.352097 491.289024
v 1718.907166 16.073239 488.540192
v 1717.907257 17.063915 488.809052
v 1718.907166 17.134420 485.859947
v 1717.907257 18.132484 485.991440
v 1717.907257 18.495713 482.999992
v 1718.907166 13.495712 482.999992
v 1718.907166 13.128636 480.682373
v 1718.907166 12.063339 478.591614
v 1718.907166 10.404103 476.932373
v 1718.907166 8.313339 475.867081
v 1718.907166 5.995713 475.499992
v 1718.907166 3.678086 475.867081
v 1718.907166 1.587322 476.932373
v 1718.907166 -0.071915 478.591614
v 1718.907166 -1.137211 480.682373
v 1718.907166 -1.504287 482.999992
v 1718.907166 -1.137211 485.317650
v 1718.907166 -0.071915 487.408409
v 1718.907166 1.587322 489.067650
v 1718.907166 3.678086 490.132942
v 1718.907166 5.995713 490.499992
v 1718.907166 8.313339 490.132942
v 1718.907166 10.404103 489.067650
v 1718.907166 12.063339 487.408409
v 1718.907166 13.128636 485.317650
v 1751.907196 9.649895 481.373062
v 1750.907135 10.658073 481.193810
v 1751.907196 9.995714 482.999992
v 1750.907135 9.690757 479.631538
v 1751.907196 8.672235 480.027428
v 1750.907135 8.224404 478.524170
v 1751.907196 7.231780 479.195786
v 1750.907135 6.457055 478.021317
v 1751.907196 5.577598 479.021912
v 1750.907135 4.627398 478.190880
v 1751.907196 3.995712 479.535904
v 1750.907135 2.982541 479.009933
v 1751.907196 2.759645 480.648880
v 1750.907135 1.744626 480.367851
v 1751.907196 2.083123 482.168350
v 1750.907135 1.080847 482.081261
v 1751.907196 2.083123 483.831635
v 1750.907135 1.080847 483.918762
v 1750.907135 1.744626 485.632172
v 1751.907196 2.759645 485.351143
v 1750.907135 2.982541 486.990089
v 1751.907196 3.995712 486.464119
v 1750.907135 4.627398 487.809143
v 1750.907135 8.224404 487.475815
v 1751.907196 8.672235 485.972595
v 1750.907135 9.690757 486.368484
v 1751.907196 9.649895 484.626961
v 1750.907135 10.658073 484.806213
v 1750.907135 10.995712 482.999992
v 1610.907135 31.126528 493.330383
v 1610.907135 24.864893 493.330383
v 1610.907135 27.995710 492.999992
v 1610.907135 21.871986 494.306946
v 1610.907135 34.119434 494.306946
v 1610.907135 19.148829 495.886688
v 1610.907135 36.842594 495.886688
v 1610.907135 16.815373 497.999992
v 1610.907135 39.176054 497.999992
v 1726.907196 9.690757 479.631538
v 1726.907196 10.658073 481.193810
v 1726.907196 8.224404 478.524170
v 1726.907196 6.457055 478.021317
v 1726.907196 4.627398 478.190880
v 1726.907196 2.982541 479.009933
v 1726.907196 1.744626 480.367851
v 1726.907196 1.080847 482.081261
v 1726.907196 1.080847 483.918762
v 1726.907196 1.744626 485.632172
v 1726.907196 2.982541 486.990089
v 1726.907196 4.627398 487.809143
v 1726.907196 6.457055 487.978668
v 1726.907196 8.224404 487.475815
v 1726.907196 9.690757 486.368484
v 1726.907196 10.658073 484.806213
v 1726.907196 10.995712 482.999992
v 1610.907135 -12.873468 493.330383
v 1610.907135 -19.135107 493.330383
v 1610.907135 -16.004289 492.999992
v 1610.907135 -22.128015 494.306946
v 1610.907135 -9.880563 494.306946
v 1610.907135 -24.851170 495.886688
v 1610.907135 -7.157404 495.886688
v 1610.907135 -27.184629 497.999992
v 1610.907135 -4.823948 497.999992
v 1726.907196 12.143524 480.889473
v 1725.907135 13.128636 480.682373
v 1726.907196 12.495713 482.999992
v 1725.907135 12.063339 478.591614
v 1726.907196 11.125126 479.007645
v 1725.907135 10.404103 476.932373
v 1726.907196 9.550875 477.558441
v 1725.907135 8.313339 475.867081
v 1726.907196 7.591367 476.698914
v 1725.907135 5.995713 475.499992
v 1726.907196 5.458947 476.522217
v 1725.907135 3.678086 475.867081
v 1726.907196 3.384693 477.047501
v 1725.907135 1.587322 476.932373
v 1726.907196 1.593383 478.217812
v 1725.907135 -0.071915 478.591614
v 1726.907196 0.279134 479.906349
v 1725.907135 -1.137211 480.682373
v 1726.907196 -0.415636 481.930161
v 1725.907135 -1.504287 482.999992
v 1726.907196 -0.415636 484.069862
v 1725.907135 -1.137211 485.317650
v 1726.907196 0.279134 486.093674
v 1725.907135 -0.071915 487.408409
v 1726.907196 1.593383 487.782211
v 1725.907135 1.587322 489.067650
v 1726.907196 3.384693 488.952522
v 1725.907135 3.678086 490.132942
v 1726.907196 5.458947 489.477806
v 1725.907135 5.995713 490.499992
v 1726.907196 7.591367 489.301109
v 1725.907135 8.313339 490.132942
v 1726.907196 9.550875 488.441582
v 1725.907135 10.404103 489.067650
v 1726.907196 11.125126 486.992378
v 1725.907135 12.063339 487.408409
v 1726.907196 12.143524 485.110550
v 1725.907135 13.128636 485.317650
v 1725.907135 13.495712 482.999992
v 1583.907166 44.995713 477.000008
v 1583.907166 -33.004289 477.000008
v 1590.907135 -33.004289 477.000008
v 1590.907135 44.995713 477.000008
vt -0.700001 0.000000 0.000000
vt 0.000000 0.000000 0.000000
vt -0.700001 12.000000 0.000000
vt 0.000000 12.000000 0.000000
vt 0.000000 1.000000 0.000000
vt -12.000000 1.000000 0.000000
vt 0.000000 0.000000 0.000000
vt -12.000000 0.000000 0.000000
vt -0.031227 1.556744 0.000000
vt 0.500000 1.000000 0.000000
vt 0.040886 1.849329 0.000000
vt 0.700001 1.200000 0.000000
vt 0.040886 2.150671 0.000000
vt 0.700001 2.800000 0.000000
vt 0.500000 3.000000 0.000000
vt 0.000000 1.000000 0.000000
vt -0.171268 1.289919 0.000000
vt -0.371094 1.064362 0.000000
vt 0.000000 0.000000 0.000000
vt -0.619095 0.893180 0.000000
vt -0.900852 0.786323 0.000000
vt -2.132915 -0.522870 0.000000
vt -1.199997 0.750000 0.000000
vt -2.099998 -0.200000 0.000000
vt -1.499142 0.786323 0.000000
vt -2.132915 0.122870 0.000000
vt -1.780903 0.893180 0.000000
vt -2.230305 0.432456 0.000000
vt -2.028900 1.064362 0.000000
vt -2.388165 0.716020 0.000000
vt -2.228729 1.289919 0.000000
vt -2.599998 0.961895 0.000000
vt -2.368771 1.556744 0.000000
vt -2.440884 1.849329 0.000000
vt -2.440884 2.150671 0.000000
vt -2.599998 3.038105 0.000000
vt -2.368771 2.443256 0.000000
vt -2.228729 2.710081 0.000000
vt -2.388165 3.283980 0.000000
vt -2.028900 2.935638 0.000000
vt -2.230305 3.567544 0.000000
vt -1.780903 3.106820 0.000000
vt -2.132915 3.877130 0.000000
vt -1.499142 3.213677 0.000000
vt -2.099998 4.200000 0.000000
vt -1.199997 3.250000 0.000000
vt -2.132915 4.522870 0.000000
vt -0.900852 3.213677 0.000000
vt 0.000000 4.000000 0.000000
vt -0.619095 3.106820 0.000000
vt -0.371094 2.935638 0.000000
vt 0.000000 3.000000 0.000000
vt -0.171268 2.710081 0.000000
vt -0.031227 2.443256 0.000000
vt 0.700001 4.000000 0.000000
vt 1.100002 5.600000 0.000000
vt -2.230305 4.832456 0.000000
vt 0.700001 3.500000 0.000000
vt 1.100002 3.500000 0.000000
vt -2.388165 5.116020 0.000000
vt -2.599998 5.600000 0.000000
vt -2.599998 5.361895 0.000000
vt -2.230305 -0.832456 0.000000
vt 1.100002 -1.600000 0.000000
vt 0.700001 -0.000000 0.000000
vt 1.100002 0.500000 0.000000
vt 0.700001 0.500000 0.000000
vt -2.388165 -1.116020 0.000000
vt -2.599998 -1.600000 0.000000
vt -2.599998 -1.361895 0.000000
vt 0.000000 1.000000 0.000000
vt -12.000000 1.000000 0.000000
vt 0.000000 0.000000 0.000000
vt -12.000000 0.000000 0.000000
vt 0.000000 2.100000 0.000000
vt -11.900009 2.100000 0.000000
vt 0.000000 0.000000 0.000000
vt -11.900009 0.000000 0.000000
vt 0.000000 1.600000 0.000000
vt -12.000000 1.600000 0.000000
vt 0.000000 0.000000 0.000000
vt -12.000000 0.000000 0.000000
vt 0.000000 -7.800000 0.000000
vt 0.699997 -7.800000 0.000000
vt 0.000000 0.000000 0.000000
vt 0.699997 0.000000 0.000000
vt 0.000000 0.000000 0.000000
vt 0.012828 0.165834 0.000000
vt -0.141327 0.088167 0.000000
vt 0.000000 0.000000 0.000000
vt -0.288265 0.000000 0.000000
vt -0.144131 -0.147966 0.000000
vt 0.400002 0.000000 0.000000
vt 0.000000 0.000000 0.000000
vt 0.400002 -12.000000 0.000000
vt -0.099998 -12.000000 0.000000
vt -0.099998 -0.099991 0.000000
vt 0.000000 0.000000 0.000000
vt 1.100002 -1.700000 0.000000
vt 1.700001 0.000000 0.000000
vt 1.100002 -2.700000 0.000000
vt 1.100002 -4.700000 0.000000
vt 0.600002 -2.700000 0.000000
vt 0.600002 -4.700000 0.000000
vt 0.400002 -2.900000 0.000000
vt 0.400002 -4.500000 0.000000
vt -0.099998 -0.100000 0.000000
vt -0.099998 -2.200000 0.000000
vt 0.400002 -1.700000 0.000000
vt 0.400002 -2.200000 0.000000
vt 1.700001 -7.400000 0.000000
vt 1.100002 -5.700000 0.000000
vt 0.000000 -7.400000 0.000000
vt 0.400002 -5.700000 0.000000
vt -0.099998 -5.200000 0.000000
vt 0.400002 -5.200000 0.000000
vt -0.099998 -7.300000 0.000000
vt 0.070712 0.122473 0.000000
vt -0.070702 0.122473 0.000000
vt 0.000000 0.000000 0.000000
vt -0.141414 0.000000 0.000000
vt 0.000000 0.000000 0.000000
vt -0.141414 2.100000 0.000000
vt 0.000000 2.100000 0.000000
vt 0.000000 0.000000 0.000000
vt 11.900009 -0.000000 0.000000
vt 0.000000 0.141421 0.000000
vt 11.900009 0.141421 0.000000
vt 0.070712 -0.122473 0.000000
vt 0.141414 0.000000 0.000000
vt 0.000000 0.000000 0.000000
vt 3.700001 0.141415 0.000000
vt 0.000000 0.141415 0.000000
vt 3.700001 -0.000000 0.000000
vt 0.000000 0.000000 0.000000
vt -0.000000 -0.141421 0.000000
vt 11.900009 -0.141421 0.000000
vt 0.000000 0.000000 0.000000
vt 11.900009 -0.000000 0.000000
vt 0.000000 0.238105 0.000000
vt -0.141414 0.000000 0.000000
vt 0.000000 0.000000 0.000000
vt -0.141414 0.043861 0.000000
vt -0.141414 -0.238105 0.000000
vt 0.000000 0.000000 0.000000
vt 0.171856 -0.263773 0.000000
vt 0.139511 0.049580 0.000000
vt 0.000000 0.000000 0.000000
vt 0.025898 -0.313952 0.000000
vt 0.166686 -0.278468 0.000000
vt 0.000000 0.000000 0.000000
vt 0.120810 -0.290717 0.000000
vt 0.141286 0.033448 0.000000
vt 0.000000 0.000000 0.000000
vt -0.023936 -0.323929 0.000000
vt 0.117556 -0.302504 0.000000
vt 0.000000 0.000000 0.000000
vt 0.071332 -0.306632 0.000000
vt 0.141619 0.020576 0.000000
vt 0.000000 0.000000 0.000000
vt -0.071541 -0.326936 0.000000
vt 0.069943 -0.316916 0.000000
vt 0.000000 0.000000 0.000000
vt 0.023497 -0.313942 0.000000
vt 0.141498 0.009815 0.000000
vt 0.000000 0.000000 0.000000
vt -0.118137 -0.323708 0.000000
vt 0.023277 -0.323708 0.000000
vt 0.000000 0.000000 0.000000
vt -0.141414 0.000000 0.000000
vt -0.023277 -0.323707 0.000000
vt 0.000000 0.000000 0.000000
vt -0.023497 -0.313942 0.000000
vt 0.118001 -0.323757 0.000000
vt 0.000000 0.000000 0.000000
vt -0.141484 0.010020 0.000000
vt -0.069943 -0.316916 0.000000
vt 0.000000 0.000000 0.000000
vt -0.071332 -0.306632 0.000000
vt 0.070286 -0.327208 0.000000
vt 0.000000 0.000000 0.000000
vt -0.141493 0.021424 0.000000
vt -0.117556 -0.302504 0.000000
vt 0.000000 0.000000 0.000000
vt -0.120810 -0.290717 0.000000
vt 0.020475 -0.324166 0.000000
vt 0.000000 0.000000 0.000000
vt -0.140788 0.035485 0.000000
vt -0.166686 -0.278467 0.000000
vt 0.000000 0.000000 0.000000
vt -0.171856 -0.263773 0.000000
vt -0.032345 -0.313354 0.000000
vt 0.000000 0.000000 0.000000
vt 0.141414 -0.043861 0.000000
vt 0.000000 0.000000 0.000000
vt 0.141414 -2.120071 0.000000
vt -0.000000 -2.163932 0.000000
vt 0.171856 -0.263773 0.000000
vt 0.139511 0.049580 0.000000
vt 0.000000 0.000000 0.000000
vt 0.025898 -0.313952 0.000000
vt 0.166686 -0.278467 0.000000
vt 0.000000 0.000000 0.000000
vt 0.120810 -0.290718 0.000000
vt 0.141286 0.033449 0.000000
vt 0.000000 0.000000 0.000000
vt -0.023936 -0.323929 0.000000
vt 0.117556 -0.302504 0.000000
vt 0.000000 0.000000 0.000000
vt 0.071332 -0.306632 0.000000
vt 0.141619 0.020576 0.000000
vt 0.000000 0.000000 0.000000
vt -0.071541 -0.326936 0.000000
vt 0.069943 -0.316917 0.000000
vt 0.000000 0.000000 0.000000
vt 0.023497 -0.313942 0.000000
vt 0.141498 0.009815 0.000000
vt 0.000000 0.000000 0.000000
vt -0.118137 -0.323708 0.000000
vt 0.023277 -0.323708 0.000000
vt 0.000000 0.000000 0.000000
vt -0.141414 0.000000 0.000000
vt -0.023277 -0.323708 0.000000
vt 0.000000 0.000000 0.000000
vt -0.023497 -0.313942 0.000000
vt 0.118001 -0.323757 0.000000
vt 0.000000 0.000000 0.000000
vt -0.141484 0.010020 0.000000
vt -0.069943 -0.316916 0.000000
vt 0.000000 0.000000 0.000000
vt -0.071332 -0.306632 0.000000
vt 0.070286 -0.327208 0.000000
vt 0.000000 0.000000 0.000000
vt -0.141493 0.021424 0.000000
vt -0.117556 -0.302504 0.000000
vt 0.000000 0.000000 0.000000
vt -0.120810 -0.290717 0.000000
vt 0.020475 -0.324166 0.000000
vt 0.000000 0.000000 0.000000
vt -0.140788 0.035484 0.000000
vt -0.166686 -0.278467 0.000000
vt 0.000000 0.000000 0.000000
vt -0.171856 -0.263773 0.000000
vt -0.032345 -0.313353 0.000000
vt 0.000000 0.000000 0.000000
vt -0.070712 0.122472 0.000000
vt -0.141414 0.000000 0.000000
vt 0.000000 0.000000 0.000000
vt -0.000000 -2.100000 0.000000
vt 0.141414 -0.000000 0.000000
vt 0.000000 0.000000 0.000000
vt 0.141414 -0.000000 0.000000
vt 0.141414 2.100000 0.000000
vt 0.000000 0.000000 0.000000
vt -0.000000 0.141420 0.000000
vt -11.900009 0.141420 0.000000
vt 0.000000 0.000000 0.000000
vt -11.900009 -0.000000 0.000000
vt -0.070712 -0.122472 0.000000
vt 0.070702 -0.122472 0.000000
vt 0.000000 0.000000 0.000000
vt 0.141414 0.043861 0.000000
vt 0.000000 0.281966 0.000000
vt 0.000000 0.000000 0.000000
vt 0.000000 0.238105 0.000000
vt -0.141414 0.238105 0.000000
vt 0.000000 0.000000 0.000000
vt -3.700001 -0.141415 0.000000
vt -0.000000 -0.141415 0.000000
vt -3.700001 0.000000 0.000000
vt 0.000000 0.000000 0.000000
vt 0.000000 0.000000 0.000000
vt -11.900009 -0.000000 0.000000
vt 0.000000 -0.141420 0.000000
vt -11.900009 -0.141420 0.000000
vt -0.000000 12.000000 0.000000
vt -0.700001 12.000000 0.000000
vt 0.000000 0.000000 0.000000
vt -0.700001 -0.000000 0.000000
vt 0.000000 -0.500000 0.000000
vt 12.000000 0.000000 0.000000
vt 0.000000 0.000000 0.000000
vt 12.000000 0.000000 0.000000
vt 12.000000 0.500000 0.000000
vt 0.000000 0.000000 0.000000
vt 0.000000 11.900009 0.000000
vt -0.099998 12.000000 0.000000
vt 0.000000 0.000000 0.000000
vt -0.500000 0.000000 0.000000
vt -0.500000 12.000000 0.000000
vt -11.900009 0.000000 0.000000
vt 0.000000 0.000000 0.000000
vt -11.900009 2.100000 0.000000
vt 0.000000 2.100000 0.000000
vt 0.283801 -0.050533 0.000000
vt 0.309206 0.089063 0.000000
vt 0.000000 0.000000 0.000000
vt -0.046392 -0.134090 0.000000
vt 0.264944 -0.143563 0.000000
vt 0.000000 0.000000 0.000000
vt 0.252113 -0.139776 0.000000
vt 0.311342 -0.009287 0.000000
vt 0.000000 0.000000 0.000000
vt -0.073792 -0.122842 0.000000
vt 0.213898 -0.212262 0.000000
vt 0.000000 0.000000 0.000000
vt 0.202668 -0.204995 0.000000
vt 0.288357 -0.087247 0.000000
vt 0.000000 0.000000 0.000000
vt -0.094418 -0.110870 0.000000
vt 0.157425 -0.256951 0.000000
vt 0.000000 0.000000 0.000000
vt 0.147817 -0.247481 0.000000
vt 0.253673 -0.142879 0.000000
vt 0.000000 0.000000 0.000000
vt -0.110464 -0.099724 0.000000
vt 0.102331 -0.283435 0.000000
vt 0.000000 0.000000 0.000000
vt 0.093108 -0.272816 0.000000
vt 0.215197 -0.180891 0.000000
vt 0.000000 0.000000 0.000000
vt -0.124054 -0.089255 0.000000
vt 0.050137 -0.297141 0.000000
vt 0.000000 0.000000 0.000000
vt 0.039657 -0.285526 0.000000
vt 0.175939 -0.206409 0.000000
vt 0.000000 0.000000 0.000000
vt -0.136660 -0.078462 0.000000
vt -0.000000 -0.301342 0.000000
vt 0.000000 0.000000 0.000000
vt -0.013235 -0.287962 0.000000
vt 0.136325 -0.223085 0.000000
vt 0.000000 0.000000 0.000000
vt -0.149138 -0.065841 0.000000
vt -0.049747 -0.297207 0.000000
vt 0.000000 0.000000 0.000000
vt -0.066748 -0.280432 0.000000
vt 0.095545 -0.232980 0.000000
vt 0.000000 0.000000 0.000000
vt -0.161720 -0.049368 0.000000
vt -0.100891 -0.283951 0.000000
vt 0.000000 0.000000 0.000000
vt -0.121749 -0.261295 0.000000
vt 0.052216 -0.236649 0.000000
vt 0.000000 0.000000 0.000000
vt -0.173719 -0.026320 0.000000
vt -0.154702 -0.258599 0.000000
vt 0.000000 0.000000 0.000000
vt -0.177745 -0.226944 0.000000
vt 0.004965 -0.233004 0.000000
vt 0.000000 0.000000 0.000000
vt -0.182690 0.006637 0.000000
vt -0.210525 -0.215609 0.000000
vt 0.000000 0.000000 0.000000
vt -0.230994 -0.172450 0.000000
vt -0.046447 -0.219112 0.000000
vt 0.000000 0.000000 0.000000
vt -0.183109 0.052018 0.000000
vt -0.262535 -0.147923 0.000000
vt 0.000000 0.000000 0.000000
vt -0.272220 -0.094844 0.000000
vt -0.098851 -0.191085 0.000000
vt 0.000000 0.000000 0.000000
vt -0.166812 0.107206 0.000000
vt -0.296549 -0.053529 0.000000
vt 0.000000 0.000000 0.000000
vt -0.129741 0.160736 0.000000
vt -0.296549 0.053530 0.000000
vt 0.000000 0.000000 0.000000
vt -0.272216 0.094844 0.000000
vt -0.173366 -0.096241 0.000000
vt 0.000000 0.000000 0.000000
vt -0.079426 0.199941 0.000000
vt -0.262539 0.147923 0.000000
vt 0.000000 0.000000 0.000000
vt -0.230995 0.172449 0.000000
vt -0.184550 -0.046662 0.000000
vt 0.000000 0.000000 0.000000
vt -0.027831 0.222244 0.000000
vt -0.210521 0.215607 0.000000
vt 0.000000 0.000000 0.000000
vt -0.177749 0.226945 0.000000
vt -0.182710 -0.006060 0.000000
vt 0.000000 0.000000 0.000000
vt 0.019014 0.232281 0.000000
vt -0.154705 0.258601 0.000000
vt 0.000000 0.000000 0.000000
vt -0.121749 0.261295 0.000000
vt -0.173965 0.024645 0.000000
vt 0.000000 0.000000 0.000000
vt 0.060829 0.234583 0.000000
vt -0.100891 0.283951 0.000000
vt 0.000000 0.000000 0.000000
vt -0.066748 0.280432 0.000000
vt -0.162292 0.047452 0.000000
vt 0.000000 0.000000 0.000000
vt 0.099391 0.231365 0.000000
vt -0.049747 0.297207 0.000000
vt 0.000000 0.000000 0.000000
vt -0.013235 0.287962 0.000000
vt -0.149560 0.064877 0.000000
vt 0.000000 0.000000 0.000000
vt 0.136660 0.222880 0.000000
vt 0.000000 0.301342 0.000000
vt 0.000000 0.000000 0.000000
vt 0.039657 0.285526 0.000000
vt -0.136282 0.079117 0.000000
vt 0.000000 0.000000 0.000000
vt 0.174191 0.207886 0.000000
vt 0.050137 0.297141 0.000000
vt 0.000000 0.000000 0.000000
vt 0.093108 0.272816 0.000000
vt -0.122089 0.091925 0.000000
vt 0.000000 0.000000 0.000000
vt 0.212795 0.183711 0.000000
vt 0.102331 0.283435 0.000000
vt 0.000000 0.000000 0.000000
vt 0.147817 0.247481 0.000000
vt -0.105856 0.104602 0.000000
vt 0.000000 0.000000 0.000000
vt 0.251843 0.146082 0.000000
vt 0.157427 0.256953 0.000000
vt 0.000000 0.000000 0.000000
vt 0.202667 0.204996 0.000000
vt -0.085686 0.117748 0.000000
vt 0.000000 0.000000 0.000000
vt 0.287686 0.089420 0.000000
vt 0.213894 0.212262 0.000000
vt 0.000000 0.000000 0.000000
vt 0.252113 0.139776 0.000000
vt -0.059229 0.130489 0.000000
vt 0.000000 0.000000 0.000000
vt 0.311336 0.009472 0.000000
vt 0.264948 0.143564 0.000000
vt 0.000000 0.000000 0.000000
vt 0.283805 0.050533 0.000000
vt -0.025401 0.139596 0.000000
vt 0.000000 0.000000 0.000000
vt 0.309016 -0.089721 0.000000
vt 0.296964 0.051179 0.000000
vt 0.000000 0.000000 0.000000
vt 0.309016 0.089721 0.000000
vt 0.012052 0.140900 0.000000
vt 0.000000 0.000000 0.000000
vt 0.231762 1.463292 0.000000
vt 0.285992 1.863871 0.000000
vt 0.000000 1.500000 0.000000
vt 0.000000 1.900000 0.000000
vt -0.285995 1.863871 0.000000
vt 0.554016 1.757753 0.000000
vt 0.440838 1.356763 0.000000
vt 0.787228 1.588314 0.000000
vt 0.606762 1.190839 0.000000
vt 0.970974 1.366201 0.000000
vt 0.713291 0.981763 0.000000
vt 1.093712 1.105370 0.000000
vt 1.147728 0.822209 0.000000
vt 0.750000 0.750000 0.000000
vt 1.129627 0.534512 0.000000
vt 0.713291 0.518237 0.000000
vt 1.040550 0.260354 0.000000
vt 0.606762 0.309161 0.000000
vt 0.886089 0.016962 0.000000
vt 0.440838 0.143237 0.000000
vt 0.675953 -0.180369 0.000000
vt 0.423344 -0.319243 0.000000
vt 0.231762 0.036708 0.000000
vt 0.144131 -0.390932 0.000000
vt 0.000000 0.000000 0.000000
vt -0.144135 -0.390932 0.000000
vt -0.231766 0.036708 0.000000
vt -0.423344 -0.319243 0.000000
vt -0.440842 0.143237 0.000000
vt -0.675953 -0.180369 0.000000
vt -0.886093 0.016962 0.000000
vt -0.606766 0.309161 0.000000
vt -1.040554 0.260354 0.000000
vt -0.713295 0.518237 0.000000
vt -1.129631 0.534512 0.000000
vt -0.750000 0.750000 0.000000
vt -1.147732 0.822209 0.000000
vt -0.713295 0.981763 0.000000
vt -1.093716 1.105370 0.000000
vt -0.970978 1.366201 0.000000
vt -0.606766 1.190839 0.000000
vt -0.787231 1.588314 0.000000
vt -0.440842 1.356763 0.000000
vt -0.554020 1.757753 0.000000
vt -0.231766 1.463292 0.000000
vt 0.000000 -0.700012 0.000000
vt 0.301343 0.000000 0.000000
vt 0.000000 0.000000 0.000000
vt 0.301343 0.000000 0.000000
vt 0.301343 0.700012 0.000000
vt 0.000000 0.000000 0.000000
vt -0.700012 -0.000000 0.000000
vt 0.000000 -0.301340 0.000000
vt 0.000000 0.000000 0.000000
vt 0.000000 -0.301340 0.000000
vt 0.700012 -0.301340 0.000000
vt 0.000000 0.000000 0.000000
vt -0.700012 -0.000000 0.000000
vt 0.000000 -0.301343 0.000000
vt 0.000000 0.000000 0.000000
vt 0.000000 -0.301343 0.000000
vt 0.700012 -0.301343 0.000000
vt 0.000000 0.000000 0.000000
vt -0.700012 -0.000000 0.000000
vt 0.000000 -0.301342 0.000000
vt 0.000000 0.000000 0.000000
vt 0.000000 -0.301342 0.000000
vt 0.700012 -0.301342 0.000000
vt 0.000000 0.000000 0.000000
vt -0.700012 -0.000000 0.000000
vt 0.000000 -0.301341 0.000000
vt 0.000000 0.000000 0.000000
vt 0.000000 -0.301341 0.000000
vt 0.700012 -0.301341 0.000000
vt 0.000000 0.000000 0.000000
vt -0.700012 -0.000000 0.000000
vt 0.000000 -0.301342 0.000000
vt 0.000000 0.000000 0.000000
vt 0.000000 -0.301342 0.000000
vt 0.700012 -0.301342 0.000000
vt 0.000000 0.000000 0.000000
vt -0.700012 0.000000 0.000000
vt -0.000000 -0.301341 0.000000
vt 0.000000 0.000000 0.000000
vt -0.000000 -0.301341 0.000000
vt 0.700012 -0.301341 0.000000
vt 0.000000 0.000000 0.000000
vt -0.700012 0.000000 0.000000
vt -0.000000 -0.301342 0.000000
vt 0.000000 0.000000 0.000000
vt -0.000000 -0.301342 0.000000
vt 0.700012 -0.301342 0.000000
vt 0.000000 0.000000 0.000000
vt -0.700012 0.000000 0.000000
vt -0.000000 -0.301343 0.000000
vt 0.000000 0.000000 0.000000
vt -0.000000 -0.301343 0.000000
vt 0.700012 -0.301343 0.000000
vt 0.000000 0.000000 0.000000
vt -0.700012 0.000000 0.000000
vt -0.000000 -0.301340 0.000000
vt 0.000000 0.000000 0.000000
vt -0.000000 -0.301340 0.000000
vt 0.700012 -0.301340 0.000000
vt 0.000000 0.000000 0.000000
vt -0.000000 -0.700012 0.000000
vt 0.301343 -0.000000 0.000000
vt 0.000000 0.000000 0.000000
vt 0.301343 -0.000000 0.000000
vt 0.301343 0.700012 0.000000
vt 0.000000 0.000000 0.000000
vt -0.000000 -0.700012 0.000000
vt 0.301342 -0.000000 0.000000
vt 0.000000 0.000000 0.000000
vt 0.301342 -0.000000 0.000000
vt 0.301342 0.700012 0.000000
vt 0.000000 0.000000 0.000000
vt -0.000000 -0.700012 0.000000
vt 0.301342 -0.000000 0.000000
vt 0.000000 0.000000 0.000000
vt 0.301342 -0.000000 0.000000
vt 0.301342 0.700012 0.000000
vt 0.000000 0.000000 0.000000
vt -0.000000 -0.700012 0.000000
vt 0.301340 -0.000000 0.000000
vt 0.000000 0.000000 0.000000
vt 0.301340 -0.000000 0.000000
vt 0.301340 0.700012 0.000000
vt 0.000000 0.000000 0.000000
vt 0.700012 -0.000000 0.000000
vt 0.000000 0.301343 0.000000
vt 0.000000 0.000000 0.000000
vt 0.000000 0.301343 0.000000
vt -0.700012 0.301343 0.000000
vt 0.000000 0.000000 0.000000
vt 0.700012 -0.000000 0.000000
vt 0.000000 0.301341 0.000000
vt 0.000000 0.000000 0.000000
vt 0.000000 0.301341 0.000000
vt -0.700012 0.301341 0.000000
vt 0.000000 0.000000 0.000000
vt 0.700012 -0.000000 0.000000
vt 0.000000 0.301342 0.000000
vt 0.000000 0.000000 0.000000
vt 0.000000 0.301342 0.000000
vt -0.700012 0.301342 0.000000
vt 0.000000 0.000000 0.000000
vt 0.700012 -0.000000 0.000000
vt 0.000000 0.301341 0.000000
vt 0.000000 0.000000 0.000000
vt 0.000000 0.301341 0.000000
vt -0.700012 0.301341 0.000000
vt 0.000000 0.000000 0.000000
vt 0.700012 -0.000000 0.000000
vt 0.000000 0.301342 0.000000
vt 0.000000 0.000000 0.000000
vt 0.000000 0.301342 0.000000
vt -0.700012 0.301342 0.000000
vt 0.000000 0.000000 0.000000
vt 0.700012 0.000000 0.000000
vt -0.000000 0.301341 0.000000
vt 0.000000 0.000000 0.000000
vt -0.000000 0.301341 0.000000
vt -0.700012 0.301341 0.000000
vt 0.000000 0.000000 0.000000
vt 0.700012 0.000000 0.000000
vt -0.000000 0.301342 0.000000
vt 0.000000 0.000000 0.000000
vt -0.000000 0.301342 0.000000
vt -0.700012 0.301342 0.000000
vt 0.000000 0.000000 0.000000
vt 0.700012 0.000000 0.000000
vt -0.000000 0.301341 0.000000
vt 0.000000 0.000000 0.000000
vt -0.000000 0.301341 0.000000
vt -0.700012 0.301341 0.000000
vt 0.000000 0.000000 0.000000
vt 0.700012 0.000000 0.000000
vt -0.000000 0.301343 0.000000
vt 0.000000 0.000000 0.000000
vt -0.000000 0.301343 0.000000
vt -0.700012 0.301343 0.000000
vt 0.000000 0.000000 0.000000
vt 0.000000 -0.700012 0.000000
vt 0.301340 0.000000 0.000000
vt 0.000000 0.000000 0.000000
vt 0.301340 0.000000 0.000000
vt 0.301340 0.700012 0.000000
vt 0.000000 0.000000 0.000000
vt 0.000000 -0.700012 0.000000
vt 0.301342 0.000000 0.000000
vt 0.000000 0.000000 0.000000
vt 0.301342 0.000000 0.000000
vt 0.301342 0.700012 0.000000
vt 0.000000 0.000000 0.000000
vt 0.000000 -0.700012 0.000000
vt 0.301342 0.000000 0.000000
vt 0.000000 0.000000 0.000000
vt 0.301342 0.000000 0.000000
vt 0.301342 0.700012 0.000000
vt 0.000000 0.000000 0.000000
vt 0.159436 -0.047383 0.000000
vt 0.196913 0.090755 0.000000
vt 0.000000 0.000000 0.000000
vt -0.064100 -0.127977 0.000000
vt 0.136699 -0.122790 0.000000
vt 0.000000 0.000000 0.000000
vt 0.117593 -0.117632 0.000000
vt 0.200805 0.004916 0.000000
vt 0.000000 0.000000 0.000000
vt -0.095177 -0.113507 0.000000
vt 0.084026 -0.163414 0.000000
vt 0.000000 0.000000 0.000000
vt 0.064831 -0.153174 0.000000
vt 0.179824 -0.047621 0.000000
vt 0.000000 0.000000 0.000000
vt -0.118719 -0.101344 0.000000
vt 0.034710 -0.180441 0.000000
vt 0.000000 0.000000 0.000000
vt 0.012828 -0.165834 0.000000
vt 0.154158 -0.077667 0.000000
vt 0.000000 0.000000 0.000000
vt -0.141340 -0.088150 0.000000
vt -0.011474 -0.183391 0.000000
vt 0.000000 0.000000 0.000000
vt -0.038635 -0.161780 0.000000
vt 0.128424 -0.097177 0.000000
vt 0.000000 0.000000 0.000000
vt -0.166169 -0.066859 0.000000
vt -0.058777 -0.174096 0.000000
vt 0.000000 0.000000 0.000000
vt -0.091378 -0.138981 0.000000
vt 0.100276 -0.113919 0.000000
vt 0.000000 0.000000 0.000000
vt -0.191467 -0.026455 0.000000
vt -0.110347 -0.146926 0.000000
vt 0.000000 0.000000 0.000000
vt -0.141537 -0.087362 0.000000
vt 0.062557 -0.131073 0.000000
vt 0.000000 0.000000 0.000000
vt -0.203673 0.045634 0.000000
vt -0.160486 -0.089487 0.000000
vt 0.000000 0.000000 0.000000
vt -0.166328 0.000000 0.000000
vt 0.008709 -0.141587 0.000000
vt 0.000000 0.000000 0.000000
vt -0.175037 0.141587 0.000000
vt -0.183750 0.000000 0.000000
vt 0.000000 0.000000 0.000000
vt 0.043189 0.135120 0.000000
vt -0.160487 0.089486 0.000000
vt 0.000000 0.000000 0.000000
vt -0.141541 0.087362 0.000000
vt -0.204097 -0.043712 0.000000
vt 0.000000 0.000000 0.000000
vt 0.081120 0.120471 0.000000
vt -0.110347 0.146926 0.000000
vt 0.000000 0.000000 0.000000
vt -0.091378 0.138981 0.000000
vt -0.191654 0.025062 0.000000
vt 0.000000 0.000000 0.000000
vt 0.107393 0.107237 0.000000
vt -0.058777 0.174096 0.000000
vt 0.000000 0.000000 0.000000
vt -0.038635 0.161780 0.000000
vt -0.167059 0.064603 0.000000
vt 0.000000 0.000000 0.000000
vt 0.129867 0.095241 0.000000
vt -0.011471 0.183391 0.000000
vt 0.000000 0.000000 0.000000
vt 0.153427 0.079097 0.000000
vt 0.034709 0.180441 0.000000
vt 0.000000 0.000000 0.000000
vt 0.064830 0.153175 0.000000
vt -0.114991 0.105553 0.000000
vt 0.000000 0.000000 0.000000
vt 0.179200 0.049907 0.000000
vt 0.084023 0.163413 0.000000
vt 0.000000 0.000000 0.000000
vt 0.117593 0.117632 0.000000
vt -0.083212 0.122549 0.000000
vt 0.000000 0.000000 0.000000
vt 0.200799 -0.005187 0.000000
vt 0.136699 0.122790 0.000000
vt 0.000000 0.000000 0.000000
vt 0.159440 0.047383 0.000000
vt -0.037477 0.138138 0.000000
vt 0.000000 0.000000 0.000000
vt 0.195923 -0.092880 0.000000
vt 0.177546 0.047346 0.000000
vt 0.000000 0.000000 0.000000
vt 0.195920 0.092880 0.000000
vt 0.018377 0.140226 0.000000
vt 0.000000 0.000000 0.000000
vt 12.000000 0.000000 0.000000
vt 0.000000 0.000000 0.000000
vt 12.000000 -0.500000 0.000000
vt 0.000000 -0.500000 0.000000
vt -0.000000 12.000000 0.000000
vt -0.500000 12.000000 0.000000
vt 0.000000 0.000000 0.000000
vt -0.500000 -0.000000 0.000000
vt -12.000000 -0.000000 0.000000
vt 0.000000 0.000000 0.000000
vt -12.000000 0.282843 0.000000
vt -0.000000 0.282843 0.000000
vt -12.000000 -0.282843 0.000000
vt -0.000000 -0.282843 0.000000
vt -12.000000 0.000000 0.000000
vt 0.000000 0.000000 0.000000
vt 0.500000 12.000000 0.000000
vt 0.000000 12.000000 0.000000
vt 0.500000 -0.000000 0.000000
vt 0.000000 0.000000 0.000000
vt -0.297256 -0.514866 0.000000
vt -0.145309 -0.447214 0.000000
vt -0.463585 -0.514866 0.000000
vt -0.615536 -0.447214 0.000000
vt -0.726833 -0.323607 0.000000
vt -0.034012 -0.323607 0.000000
vt -0.778233 -0.165418 0.000000
vt 0.017387 -0.165418 0.000000
vt -0.760845 0.000000 0.000000
vt 0.000000 0.000000 0.000000
vt -0.677681 0.144046 0.000000
vt -0.083164 0.144046 0.000000
vt -0.543118 0.241812 0.000000
vt -0.217728 0.241812 0.000000
vt -0.380421 0.276393 0.000000
vt -0.033039 0.313082 0.000000
vt -0.033039 -0.313082 0.000000
vt 0.000000 0.000000 0.000000
vt 0.000000 0.626163 0.000000
vt -0.097656 -0.299291 0.000000
vt 0.000000 0.000000 0.000000
vt -0.097656 0.299291 0.000000
vt -0.097656 -0.925454 0.000000
vt 0.000000 0.000000 0.000000
vt 0.000000 1.224745 0.000000
vt -0.157974 -0.272316 0.000000
vt 0.000000 0.000000 0.000000
vt -0.157974 0.272316 0.000000
vt -0.157974 -1.497061 0.000000
vt 0.000000 0.000000 0.000000
vt 0.000000 1.769377 0.000000
vt -0.211330 -0.233346 0.000000
vt 0.000000 0.000000 0.000000
vt -0.211330 0.233346 0.000000
vt -0.211330 -2.002722 0.000000
vt 0.000000 0.000000 0.000000
vt -2.399994 -0.183750 0.000000
vt 0.000000 -0.183750 0.000000
vt 0.000000 0.000000 0.000000
vt 0.000000 -0.183751 0.000000
vt 2.399994 0.000000 0.000000
vt 0.000000 0.000000 0.000000
vt -2.399994 -0.183751 0.000000
vt 0.000000 -0.183751 0.000000
vt 0.000000 0.000000 0.000000
vt 0.000000 -0.183749 0.000000
vt 2.399994 0.000000 0.000000
vt 0.000000 0.000000 0.000000
vt -2.399994 -0.183749 0.000000
vt 0.000000 -0.183749 0.000000
vt 0.000000 0.000000 0.000000
vt -0.000000 -0.183750 0.000000
vt 2.399994 -0.000000 0.000000
vt 0.000000 0.000000 0.000000
vt -2.399994 -0.183750 0.000000
vt -0.000000 -0.183750 0.000000
vt 0.000000 0.000000 0.000000
vt -0.000000 -0.183750 0.000000
vt 2.399994 -0.000000 0.000000
vt 0.000000 0.000000 0.000000
vt -2.399994 -0.183750 0.000000
vt -0.000000 -0.183750 0.000000
vt 0.000000 0.000000 0.000000
vt -0.000000 -0.183749 0.000000
vt 2.399994 -0.000000 0.000000
vt 0.000000 0.000000 0.000000
vt -2.399994 -0.183749 0.000000
vt -0.000000 -0.183749 0.000000
vt 0.000000 0.000000 0.000000
vt -0.183749 0.000000 0.000000
vt -0.000000 -2.399994 0.000000
vt 0.000000 0.000000 0.000000
vt -0.183749 2.399994 0.000000
vt -0.183749 0.000000 0.000000
vt 0.000000 0.000000 0.000000
vt -0.183750 0.000000 0.000000
vt -0.000000 -2.399994 0.000000
vt 0.000000 0.000000 0.000000
vt -0.183750 2.399994 0.000000
vt -0.183750 0.000000 0.000000
vt 0.000000 0.000000 0.000000
vt -0.183749 0.000000 0.000000
vt -0.000000 -2.399994 0.000000
vt 0.000000 0.000000 0.000000
vt -0.183749 2.399994 0.000000
vt -0.183749 0.000000 0.000000
vt 0.000000 0.000000 0.000000
vt 0.000000 0.183749 0.000000
vt -2.399994 0.000000 0.000000
vt 0.000000 0.000000 0.000000
vt 2.399994 0.183749 0.000000
vt 0.000000 0.183749 0.000000
vt 0.000000 0.000000 0.000000
vt 2.399994 0.183750 0.000000
vt 0.000000 0.183750 0.000000
vt 2.399994 -0.000000 0.000000
vt 0.000000 0.000000 0.000000
vt 0.000000 0.183749 0.000000
vt -2.399994 0.000000 0.000000
vt 0.000000 0.000000 0.000000
vt 2.399994 0.183749 0.000000
vt 0.000000 0.183749 0.000000
vt 0.000000 0.000000 0.000000
vt -0.000000 0.183749 0.000000
vt -2.399994 -0.000000 0.000000
vt 0.000000 0.000000 0.000000
vt 2.399994 0.183749 0.000000
vt -0.000000 0.183749 0.000000
vt 0.000000 0.000000 0.000000
vt -0.000000 0.183749 0.000000
vt -2.399994 -0.000000 0.000000
vt 0.000000 0.000000 0.000000
vt 2.399994 0.183749 0.000000
vt -0.000000 0.183749 0.000000
vt 0.000000 0.000000 0.000000
vt -0.000000 0.183750 0.000000
vt -2.399994 -0.000000 0.000000
vt 0.000000 0.000000 0.000000
vt -2.399994 -0.000000 0.000000
vt -2.399994 -0.183750 0.000000
vt 0.000000 0.000000 0.000000
vt 2.399994 0.183750 0.000000
vt -0.000000 0.183750 0.000000
vt 0.000000 0.000000 0.000000
vt 0.000000 -2.399994 0.000000
vt 0.183747 0.000000 0.000000
vt 0.000000 0.000000 0.000000
vt 0.183747 0.000000 0.000000
vt 0.183747 2.399994 0.000000
vt 0.000000 0.000000 0.000000
vt 0.000000 -2.399994 0.000000
vt 0.183751 0.000000 0.000000
vt 0.000000 0.000000 0.000000
vt 0.183751 0.000000 0.000000
vt 0.183751 2.399994 0.000000
vt 0.000000 0.000000 0.000000
vt -0.033039 0.313082 0.000000
vt -0.033039 -0.313082 0.000000
vt 0.000000 0.000000 0.000000
vt 0.000000 0.626164 0.000000
vt -0.097656 -0.299291 0.000000
vt 0.000000 0.000000 0.000000
vt -0.097656 0.299291 0.000000
vt -0.097656 -0.925455 0.000000
vt 0.000000 0.000000 0.000000
vt 0.000000 1.224745 0.000000
vt -0.157974 -0.272316 0.000000
vt 0.000000 0.000000 0.000000
vt -0.157974 0.272316 0.000000
vt -0.157974 -1.497061 0.000000
vt 0.000000 0.000000 0.000000
vt 0.000000 1.769377 0.000000
vt -0.211330 -0.233346 0.000000
vt 0.000000 0.000000 0.000000
vt -0.211330 0.233346 0.000000
vt -0.211330 -2.002723 0.000000
vt 0.000000 0.000000 0.000000
vt 0.208281 -0.049014 0.000000
vt 0.244871 0.088083 0.000000
vt 0.000000 0.000000 0.000000
vt -0.061095 -0.128070 0.000000
vt 0.189421 -0.138495 0.000000
vt 0.000000 0.000000 0.000000
vt 0.170623 -0.129120 0.000000
vt 0.250527 -0.010166 0.000000
vt 0.000000 0.000000 0.000000
vt -0.092875 -0.109127 0.000000
vt 0.133475 -0.192992 0.000000
vt 0.000000 0.000000 0.000000
vt 0.118249 -0.178330 0.000000
vt 0.227148 -0.081677 0.000000
vt 0.000000 0.000000 0.000000
vt -0.114156 -0.090384 0.000000
vt 0.077514 -0.221479 0.000000
vt 0.000000 0.000000 0.000000
vt 0.064823 -0.203918 0.000000
vt 0.193229 -0.128785 0.000000
vt 0.000000 0.000000 0.000000
vt -0.129814 -0.072673 0.000000
vt 0.025229 -0.233292 0.000000
vt 0.000000 0.000000 0.000000
vt 0.012891 -0.213584 0.000000
vt 0.155864 -0.159821 0.000000
vt 0.000000 0.000000 0.000000
vt -0.142871 -0.054034 0.000000
vt -0.025102 -0.233305 0.000000
vt 0.000000 0.000000 0.000000
vt -0.038964 -0.210396 0.000000
vt 0.115665 -0.180636 0.000000
vt 0.000000 0.000000 0.000000
vt -0.154359 -0.031131 0.000000
vt -0.076464 -0.221844 0.000000
vt 0.000000 0.000000 0.000000
vt -0.092476 -0.192957 0.000000
vt 0.070388 -0.193610 0.000000
vt 0.000000 0.000000 0.000000
vt -0.162864 0.000711 0.000000
vt -0.131191 -0.194552 0.000000
vt 0.000000 0.000000 0.000000
vt -0.146926 -0.155554 0.000000
vt 0.016758 -0.197104 0.000000
vt 0.000000 0.000000 0.000000
vt -0.162296 0.046680 0.000000
vt -0.187070 -0.141655 0.000000
vt 0.000000 0.000000 0.000000
vt -0.193923 -0.090438 0.000000
vt -0.045750 -0.184366 0.000000
vt 0.000000 0.000000 0.000000
vt -0.139949 0.105792 0.000000
vt -0.228396 -0.053818 0.000000
vt 0.000000 0.000000 0.000000
vt -0.213970 0.000000 0.000000
vt -0.106983 -0.147827 0.000000
vt 0.000000 0.000000 0.000000
vt -0.088451 0.159610 0.000000
vt -0.228400 0.053818 0.000000
vt 0.000000 0.000000 0.000000
vt -0.193923 0.090438 0.000000
vt -0.148173 -0.093927 0.000000
vt 0.000000 0.000000 0.000000
vt -0.024774 0.188335 0.000000
vt -0.187070 0.141655 0.000000
vt 0.000000 0.000000 0.000000
vt -0.146926 0.155554 0.000000
vt -0.163684 -0.041550 0.000000
vt 0.000000 0.000000 0.000000
vt 0.031673 0.195263 0.000000
vt -0.131191 0.194552 0.000000
vt 0.000000 0.000000 0.000000
vt -0.092476 0.192957 0.000000
vt -0.162864 -0.000653 0.000000
vt 0.000000 0.000000 0.000000
vt 0.077896 0.190713 0.000000
vt -0.076464 0.221844 0.000000
vt 0.000000 0.000000 0.000000
vt -0.038964 0.210396 0.000000
vt -0.154630 0.029759 0.000000
vt 0.000000 0.000000 0.000000
vt 0.117770 0.179271 0.000000
vt -0.025099 0.233305 0.000000
vt 0.000000 0.000000 0.000000
vt 0.012890 0.213584 0.000000
vt -0.142971 0.053763 0.000000
vt 0.000000 0.000000 0.000000
vt 0.155040 0.160618 0.000000
vt 0.025226 0.233291 0.000000
vt 0.000000 0.000000 0.000000
vt 0.064823 0.203918 0.000000
vt -0.128406 0.075133 0.000000
vt 0.000000 0.000000 0.000000
vt 0.191670 0.131095 0.000000
vt 0.077514 0.221479 0.000000
vt 0.000000 0.000000 0.000000
vt 0.118249 0.178330 0.000000
vt -0.108899 0.096653 0.000000
vt 0.000000 0.000000 0.000000
vt 0.226350 0.083865 0.000000
vt 0.133475 0.192992 0.000000
vt 0.000000 0.000000 0.000000
vt 0.170623 0.129120 0.000000
vt -0.079904 0.118953 0.000000
vt 0.000000 0.000000 0.000000
vt 0.250516 0.010425 0.000000
vt 0.189421 0.138495 0.000000
vt 0.000000 0.000000 0.000000
vt 0.208285 0.049014 0.000000
vt -0.036590 0.137098 0.000000
vt 0.000000 0.000000 0.000000
vt 0.244557 -0.088962 0.000000
vt 0.228912 0.051595 0.000000
vt 0.000000 0.000000 0.000000
vt 0.244554 0.088962 0.000000
vt 0.015645 0.140558 0.000000
vt 0.000000 0.000000 0.000000
vt 0.994488 0.774043 0.000000
vt 0.932098 0.630606 0.000000
vt 1.139408 0.616618 0.000000
vt 1.042835 0.483971 0.000000
vt 1.225361 0.420667 0.000000
vt 1.093121 0.307236 0.000000
vt 1.243031 0.207425 0.000000
vt 1.076164 0.124270 0.000000
vt 1.190502 -0.000000 0.000000
vt 0.994259 -0.040215 0.000000
vt 1.073471 -0.179131 0.000000
vt 0.858467 -0.164007 0.000000
vt 0.904617 -0.310556 0.000000
vt 0.687126 -0.230385 0.000000
vt 0.702236 -0.380033 0.000000
vt 0.503376 -0.230385 0.000000
vt 0.488266 -0.380033 0.000000
vt 0.285885 -0.310556 0.000000
vt 0.332035 -0.164007 0.000000
vt 0.117031 -0.179131 0.000000
vt 0.196243 -0.040215 0.000000
vt 0.000000 0.000000 0.000000
vt 0.114338 0.124270 0.000000
vt -0.052528 0.207425 0.000000
vt 0.097385 0.307236 0.000000
vt -0.034859 0.420667 0.000000
vt 0.147671 0.483971 0.000000
vt 0.051094 0.616618 0.000000
vt 0.258404 0.630606 0.000000
vt 0.196014 0.774043 0.000000
vt 0.414631 0.727338 0.000000
vt 0.384197 0.875883 0.000000
vt 0.595253 0.761102 0.000000
vt 0.595253 0.911102 0.000000
vt 0.806305 0.875883 0.000000
vt 0.775871 0.727338 0.000000
vt 0.000000 -0.699997 0.000000
vt 0.234651 0.000000 0.000000
vt 0.000000 0.000000 0.000000
vt 0.234651 0.000000 0.000000
vt 0.234651 0.699997 0.000000
vt 0.000000 0.000000 0.000000
vt -0.699997 -0.000000 0.000000
vt 0.000000 -0.234652 0.000000
vt 0.000000 0.000000 0.000000
vt 0.000000 -0.234652 0.000000
vt 0.699997 -0.234652 0.000000
vt 0.000000 0.000000 0.000000
vt -0.699997 -0.000000 0.000000
vt 0.000000 -0.234652 0.000000
vt 0.000000 0.000000 0.000000
vt 0.000000 -0.234652 0.000000
vt 0.699997 -0.234652 0.000000
vt 0.000000 0.000000 0.000000
vt -0.699997 -0.000000 0.000000
vt 0.000000 -0.234651 0.000000
vt 0.000000 0.000000 0.000000
vt 0.000000 -0.234651 0.000000
vt 0.699997 -0.234651 0.000000
vt 0.000000 0.000000 0.000000
vt -0.699997 0.000000 0.000000
vt -0.000000 -0.234651 0.000000
vt 0.000000 0.000000 0.000000
vt -0.000000 -0.234651 0.000000
vt 0.699997 -0.234651 0.000000
vt 0.000000 0.000000 0.000000
vt -0.699997 0.000000 0.000000
vt -0.000000 -0.234652 0.000000
vt 0.000000 0.000000 0.000000
vt -0.000000 -0.234652 0.000000
vt 0.699997 -0.234652 0.000000
vt 0.000000 0.000000 0.000000
vt -0.699997 0.000000 0.000000
vt -0.000000 -0.234652 0.000000
vt 0.000000 0.000000 0.000000
vt -0.000000 -0.234652 0.000000
vt 0.699997 -0.234652 0.000000
vt 0.000000 0.000000 0.000000
vt -0.000000 -0.699997 0.000000
vt 0.234651 -0.000000 0.000000
vt 0.000000 0.000000 0.000000
vt 0.234651 -0.000000 0.000000
vt 0.234651 0.699997 0.000000
vt 0.000000 0.000000 0.000000
vt 0.234655 0.699997 0.000000
vt 0.000000 0.699997 0.000000
vt 0.234655 -0.000000 0.000000
vt 0.000000 0.000000 0.000000
vt 0.234651 0.699997 0.000000
vt 0.000000 0.699997 0.000000
vt 0.234651 -0.000000 0.000000
vt 0.000000 0.000000 0.000000
vt -0.000000 -0.699997 0.000000
vt 0.234651 -0.000000 0.000000
vt 0.000000 0.000000 0.000000
vt 0.234651 -0.000000 0.000000
vt 0.234651 0.699997 0.000000
vt 0.000000 0.000000 0.000000
vt 0.699997 -0.000000 0.000000
vt 0.000000 0.234652 0.000000
vt 0.000000 0.000000 0.000000
vt 0.000000 0.234652 0.000000
vt -0.699997 0.234652 0.000000
vt 0.000000 0.000000 0.000000
vt 0.699997 -0.000000 0.000000
vt 0.000000 0.234652 0.000000
vt 0.000000 0.000000 0.000000
vt 0.000000 0.234652 0.000000
vt -0.699997 0.234652 0.000000
vt 0.000000 0.000000 0.000000
vt 0.699997 -0.000000 0.000000
vt 0.000000 0.234652 0.000000
vt 0.000000 0.000000 0.000000
vt 0.000000 0.234652 0.000000
vt -0.699997 0.234652 0.000000
vt 0.000000 0.000000 0.000000
vt 0.699997 0.000000 0.000000
vt -0.000000 0.234652 0.000000
vt 0.000000 0.000000 0.000000
vt -0.000000 0.234652 0.000000
vt -0.699997 0.234652 0.000000
vt 0.000000 0.000000 0.000000
vt 0.699997 0.000000 0.000000
vt -0.000000 0.234652 0.000000
vt 0.000000 0.000000 0.000000
vt -0.000000 0.234652 0.000000
vt -0.699997 0.234652 0.000000
vt 0.000000 0.000000 0.000000
vt 0.699997 0.000000 0.000000
vt -0.000000 0.234652 0.000000
vt 0.000000 0.000000 0.000000
vt -0.000000 0.234652 0.000000
vt -0.699997 0.234652 0.000000
vt 0.000000 0.000000 0.000000
vt 0.000000 -0.699997 0.000000
vt 0.234651 0.000000 0.000000
vt 0.000000 0.000000 0.000000
vt 0.234651 0.000000 0.000000
vt 0.234651 0.699997 0.000000
vt 0.000000 0.000000 0.000000
vt 0.000000 -0.699997 0.000000
vt 0.234651 0.000000 0.000000
vt 0.000000 0.000000 0.000000
vt 0.234651 0.000000 0.000000
vt 0.234651 0.699997 0.000000
vt 0.000000 0.000000 0.000000
vt 0.000000 -0.699997 0.000000
vt 0.234655 0.000000 0.000000
vt 0.000000 0.000000 0.000000
vt 0.234655 0.000000 0.000000
vt 0.234655 0.699997 0.000000
vt 0.000000 0.000000 0.000000
vt 3.700001 -11.900009 0.000000
vt 3.700001 0.000000 0.000000
vt 1.700001 -11.900009 0.000000
vt 0.000000 0.000000 0.000000
vt 0.000000 -11.900009 0.000000
vt 3.700001 -11.900009 0.000000
vt 3.700001 -0.000000 0.000000
vt 2.000000 -11.900009 0.000000
vt 0.000000 0.000000 0.000000
vt -0.000000 -11.900009 0.000000
vt 9.900009 2.236068 0.000000
vt 9.900009 2.518034 0.000000
vt -0.000000 2.236068 0.000000
vt -2.000000 2.518034 0.000000
vt 0.000000 0.000000 0.000000
vt -2.000000 -4.681966 0.000000
vt 0.000000 -2.163932 0.000000
vt 0.000000 -4.400000 0.000000
vt 9.900009 -4.681966 0.000000
vt 9.900009 -4.400000 0.000000
vt 9.900009 -2.163932 0.000000
vt 9.900009 0.000000 0.000000
vt -9.900009 -0.314819 0.000000
vt -0.000000 -0.314819 0.000000
vt -9.900009 0.000000 0.000000
vt 0.000000 0.000000 0.000000
vt -9.900009 0.000000 0.000000
vt -0.000000 -0.314820 0.000000
vt 0.000000 0.000000 0.000000
vt -0.000000 -0.314820 0.000000
vt 9.900009 -0.314820 0.000000
vt 0.000000 0.000000 0.000000
vt -9.900009 0.000000 0.000000
vt -0.000000 -0.314820 0.000000
vt 0.000000 0.000000 0.000000
vt -0.000000 -0.314820 0.000000
vt 9.900009 -0.314820 0.000000
vt 0.000000 0.000000 0.000000
vt -9.900009 0.000000 0.000000
vt -0.000000 -0.314821 0.000000
vt 0.000000 0.000000 0.000000
vt -0.000000 -0.314821 0.000000
vt 9.900009 -0.314821 0.000000
vt 0.000000 0.000000 0.000000
vt -9.900009 -0.000000 0.000000
vt 0.000000 -0.314820 0.000000
vt 0.000000 0.000000 0.000000
vt 0.000000 -0.314820 0.000000
vt 9.900009 -0.314820 0.000000
vt 0.000000 0.000000 0.000000
vt -9.900009 -0.000000 0.000000
vt 0.000000 -0.314820 0.000000
vt 0.000000 0.000000 0.000000
vt 0.000000 -0.314820 0.000000
vt 9.900009 -0.314820 0.000000
vt 0.000000 0.000000 0.000000
vt -9.900009 -0.000000 0.000000
vt 0.000000 -0.314820 0.000000
vt 0.000000 0.000000 0.000000
vt 0.000000 -0.314820 0.000000
vt 9.900009 -0.314820 0.000000
vt 0.000000 0.000000 0.000000
vt -9.900009 -0.000000 0.000000
vt 0.000000 -0.314819 0.000000
vt 0.000000 0.000000 0.000000
vt 0.000000 -0.314819 0.000000
vt 9.900009 -0.314819 0.000000
vt 0.000000 0.000000 0.000000
vt -9.900009 0.000000 0.000000
vt -0.000000 -0.314819 0.000000
vt 0.000000 0.000000 0.000000
vt -0.000000 -0.314819 0.000000
vt 9.900009 -0.314819 0.000000
vt 0.000000 0.000000 0.000000
vt -9.900009 0.000000 0.000000
vt -0.000000 -0.314820 0.000000
vt 0.000000 0.000000 0.000000
vt -0.000000 -0.314820 0.000000
vt 9.900009 -0.314820 0.000000
vt 0.000000 0.000000 0.000000
vt -9.900009 0.000000 0.000000
vt -0.000000 -0.314820 0.000000
vt 0.000000 0.000000 0.000000
vt -0.000000 -0.314820 0.000000
vt 9.900009 -0.314820 0.000000
vt 0.000000 0.000000 0.000000
vt -9.900009 0.000000 0.000000
vt -0.000000 -0.314820 0.000000
vt 0.000000 0.000000 0.000000
vt -0.000000 -0.314820 0.000000
vt 9.900009 -0.314820 0.000000
vt 0.000000 0.000000 0.000000
vt -9.900009 -0.000000 0.000000
vt 0.000000 -0.314820 0.000000
vt 0.000000 0.000000 0.000000
vt 0.000000 -0.314820 0.000000
vt 9.900009 -0.314820 0.000000
vt 0.000000 0.000000 0.000000
vt -9.900009 -0.000000 0.000000
vt 0.000000 -0.314820 0.000000
vt 0.000000 0.000000 0.000000
vt 0.000000 -0.314820 0.000000
vt 9.900009 -0.314820 0.000000
vt 0.000000 0.000000 0.000000
vt -9.900009 -0.000000 0.000000
vt 0.000000 -0.314820 0.000000
vt 0.000000 0.000000 0.000000
vt 0.000000 -0.314820 0.000000
vt 9.900009 -0.314820 0.000000
vt 0.000000 0.000000 0.000000
vt 0.000000 -0.314819 0.000000
vt 9.900009 -0.314819 0.000000
vt 0.000000 0.000000 0.000000
vt 9.900009 0.000000 0.000000
vt 2.400002 7.800000 0.000000
vt -0.000000 7.800000 0.000000
vt 2.400002 0.000000 0.000000
vt 0.000000 0.000000 0.000000
vt 2.400002 0.699997 0.000000
vt 0.000000 0.699997 0.000000
vt 2.400002 -0.000000 0.000000
vt 0.000000 0.000000 0.000000
vt -0.000000 0.699997 0.000000
vt -2.400002 0.699997 0.000000
vt 0.000000 0.000000 0.000000
vt -2.400002 -0.000000 0.000000
vt 0.699997 7.800000 0.000000
vt 0.000000 7.600000 0.000000
vt 0.699997 -0.000000 0.000000
vt 0.000000 0.200000 0.000000
vt 0.000000 0.000000 0.000000
vt 0.000000 7.800000 0.000000
vt 2.400002 -7.600000 0.000000
vt 0.400002 -7.600000 0.000000
vt 2.400002 -7.800000 0.000000
vt -0.000000 -7.800000 0.000000
vt 0.300003 -7.500000 0.000000
vt 0.300003 -0.300000 0.000000
vt 0.000000 0.000000 0.000000
vt 0.400002 -0.200000 0.000000
vt 2.400002 -0.000000 0.000000
vt 2.400002 -0.200000 0.000000
vn -0.000000 -0.100000 -0.000000
vn -0.000000 -0.100000 -0.000000
vn -0.000000 -0.100000 -0.000000
vn -0.000000 -0.100000 -0.000000
vn 0.000000 0.000000 -0.100000
vn 0.000000 0.000000 -0.100000
vn 0.000000 0.000000 -0.100000
vn 0.000000 0.000000 -0.100000
vn 0.100000 -0.000000 0.000000
vn 0.100000 -0.000000 0.000000
vn 0.100000 -0.000000 0.000000
vn 0.100000 -0.000000 0.000000
vn 0.100000 -0.000000 0.000000
vn 0.100000 -0.000000 0.000000
vn 0.100000 -0.000000 0.000000
vn 0.100000 -0.000000 0.000000
vn 0.100000 -0.000000 0.000000
vn 0.100000 -0.000000 0.000000
vn 0.100000 -0.000000 0.000000
vn 0.100000 -0.000000 0.000000
vn 0.100000 -0.000000 0.000000
vn 0.100000 -0.000000 0.000000
vn 0.100000 -0.000000 0.000000
vn 0.100000 -0.000000 0.000000
vn 0.100000 -0.000000 0.000000
vn 0.100000 -0.000000 0.000000
vn 0.100000 -0.000000 0.000000
vn 0.100000 -0.000000 0.000000
vn 0.100000 -0.000000 0.000000
vn 0.100000 -0.000000 0.000000
vn 0.100000 -0.000000 0.000000
vn 0.100000 -0.000000 0.000000
vn 0.100000 -0.000000 0.000000
vn 0.100000 -0.000000 0.000000
vn 0.100000 -0.000000 0.000000
vn 0.100000 -0.000000 0.000000
vn 0.100000 -0.000000 0.000000
vn 0.100000 -0.000000 0.000000
vn 0.100000 -0.000000 0.000000
vn 0.100000 -0.000000 0.000000
vn 0.100000 -0.000000 0.000000
vn 0.100000 -0.000000 0.000000
vn 0.100000 -0.000000 0.000000
vn 0.100000 -0.000000 0.000000
vn 0.100000 -0.000000 0.000000
vn 0.100000 -0.000000 0.000000
vn 0.100000 -0.000000 0.000000
vn 0.100000 -0.000000 0.000000
vn 0.100000 -0.000000 0.000000
vn 0.100000 -0.000000 0.000000
vn 0.100000 -0.000000 0.000000
vn 0.100000 -0.000000 0.000000
vn 0.100000 -0.000000 0.000000
vn 0.100000 -0.000000 0.000000
vn 0.100000 -0.000000 0.000000
vn 0.100000 -0.000000 0.000000
vn 0.100000 -0.000000 0.000000
vn 0.100000 -0.000000 0.000000
vn 0.100000 -0.000000 0.000000
vn 0.100000 -0.000000 0.000000
vn 0.100000 -0.000000 0.000000
vn 0.100000 -0.000000 0.000000
vn 0.100000 -0.000000 0.000000
vn 0.100000 -0.000000 0.000000
vn 0.100000 -0.000000 0.000000
vn 0.100000 -0.000000 0.000000
vn 0.100000 -0.000000 0.000000
vn 0.100000 -0.000000 0.000000
vn 0.100000 -0.000000 0.000000
vn 0.100000 -0.000000 0.000000
vn 0.000000 0.000000 -0.100000
vn 0.000000 0.000000 -0.100000
vn 0.000000 0.000000 -0.100000
vn 0.000000 0.000000 -0.100000
vn 0.000000 0.000000 -0.100000
vn 0.000000 0.000000 -0.100000
vn 0.000000 0.000000 -0.100000
vn 0.000000 0.000000 -0.100000
vn 0.000000 0.000000 -0.100000
vn 0.000000 0.000000 -0.100000
vn 0.000000 0.000000 -0.100000
vn 0.000000 0.000000 -0.100000
vn -0.000000 -0.000000 0.100000
vn -0.000000 -0.000000 0.100000
vn -0.000000 -0.000000 0.100000
vn -0.000000 -0.000000 0.100000
vn 0.073593 0.007078 0.067335
vn 0.073593 0.007078 0.067335
vn 0.073593 0.007078 0.067335
vn 0.073711 -0.067577 -0.000000
vn 0.073711 -0.067577 -0.000000
vn 0.073711 -0.067577 -0.000000
vn 0.000000 0.100000 0.000000
vn 0.000000 0.100000 0.000000
vn 0.000000 0.100000 0.000000
vn 0.000000 0.100000 0.000000
vn 0.000000 0.100000 0.000000
vn -0.100000 0.000000 -0.000000
vn -0.100000 0.000000 -0.000000
vn -0.100000 0.000000 -0.000000
vn -0.100000 0.000000 -0.000000
vn -0.100000 0.000000 -0.000000
vn -0.100000 0.000000 -0.000000
vn -0.100000 0.000000 -0.000000
vn -0.100000 0.000000 -0.000000
vn -0.100000 0.000000 -0.000000
vn -0.100000 0.000000 -0.000000
vn -0.100000 0.000000 -0.000000
vn -0.100000 0.000000 -0.000000
vn -0.100000 0.000000 -0.000000
vn -0.100000 0.000000 -0.000000
vn -0.100000 0.000000 -0.000000
vn -0.100000 0.000000 -0.000000
vn -0.100000 0.000000 -0.000000
vn -0.100000 0.000000 -0.000000
vn -0.100000 0.000000 -0.000000
vn -0.100000 0.000000 -0.000000
vn 0.057738 -0.057733 -0.057734
vn 0.057738 -0.057733 -0.057734
vn 0.057738 -0.057733 -0.057734
vn 0.070713 0.000000 -0.070708
vn 0.070713 0.000000 -0.070708
vn 0.070713 0.000000 -0.070708
vn 0.070713 0.000000 -0.070708
vn 0.000000 -0.070710 -0.070711
vn 0.000000 -0.070710 -0.070711
vn 0.000000 -0.070710 -0.070711
vn 0.000000 -0.070710 -0.070711
vn 0.057738 -0.057733 0.057734
vn 0.057738 -0.057733 0.057734
vn 0.057738 -0.057733 0.057734
vn 0.070714 -0.070707 -0.000000
vn 0.070714 -0.070707 -0.000000
vn 0.070714 -0.070707 -0.000000
vn 0.070714 -0.070707 -0.000000
vn -0.000000 -0.070710 0.070711
vn -0.000000 -0.070710 0.070711
vn -0.000000 -0.070710 0.070711
vn -0.000000 -0.070710 0.070711
vn 0.070713 -0.000000 0.070708
vn 0.070713 -0.000000 0.070708
vn 0.070713 -0.000000 0.070708
vn 0.070713 -0.000000 0.070708
vn 0.071940 -0.046626 0.051484
vn 0.071940 -0.046626 0.051484
vn 0.071940 -0.046626 0.051484
vn 0.069477 -0.046945 0.054489
vn 0.069477 -0.046945 0.054489
vn 0.069477 -0.046945 0.054489
vn 0.071634 -0.035013 0.060355
vn 0.071634 -0.035013 0.060355
vn 0.071634 -0.035013 0.060355
vn 0.069806 -0.034829 0.062563
vn 0.069806 -0.034829 0.062563
vn 0.069806 -0.034829 0.062563
vn 0.071295 -0.021751 0.066662
vn 0.071295 -0.021751 0.066662
vn 0.071295 -0.021751 0.066662
vn 0.070157 -0.021384 0.067976
vn 0.070157 -0.021384 0.067976
vn 0.070157 -0.021384 0.067976
vn 0.070923 -0.007398 0.070108
vn 0.070923 -0.007398 0.070108
vn 0.070923 -0.007398 0.070108
vn 0.070530 -0.007190 0.070525
vn 0.070530 -0.007190 0.070525
vn 0.070530 -0.007190 0.070525
vn 0.070530 0.007190 0.070525
vn 0.070530 0.007190 0.070525
vn 0.070530 0.007190 0.070525
vn 0.070923 0.007398 0.070108
vn 0.070923 0.007398 0.070108
vn 0.070923 0.007398 0.070108
vn 0.070157 0.021384 0.067976
vn 0.070157 0.021384 0.067976
vn 0.070157 0.021384 0.067976
vn 0.071295 0.021751 0.066662
vn 0.071295 0.021751 0.066662
vn 0.071295 0.021751 0.066662
vn 0.069806 0.034829 0.062563
vn 0.069806 0.034829 0.062563
vn 0.069806 0.034829 0.062563
vn 0.071634 0.035013 0.060355
vn 0.071634 0.035013 0.060355
vn 0.071634 0.035013 0.060355
vn 0.069477 0.046945 0.054489
vn 0.069477 0.046945 0.054489
vn 0.069477 0.046945 0.054489
vn 0.071940 0.046626 0.051484
vn 0.071940 0.046626 0.051484
vn 0.071940 0.046626 0.051484
vn 0.070713 -0.000000 0.070708
vn 0.070713 -0.000000 0.070708
vn 0.070713 -0.000000 0.070708
vn 0.070713 -0.000000 0.070708
vn 0.071940 -0.046626 0.051484
vn 0.071940 -0.046626 0.051484
vn 0.071940 -0.046626 0.051484
vn 0.069477 -0.046945 0.054489
vn 0.069477 -0.046945 0.054489
vn 0.069477 -0.046945 0.054489
vn 0.071634 -0.035013 0.060355
vn 0.071634 -0.035013 0.060355
vn 0.071634 -0.035013 0.060355
vn 0.069806 -0.034829 0.062563
vn 0.069806 -0.034829 0.062563
vn 0.069806 -0.034829 0.062563
vn 0.071295 -0.021751 0.066662
vn 0.071295 -0.021751 0.066662
vn 0.071295 -0.021751 0.066662
vn 0.070157 -0.021384 0.067976
vn 0.070157 -0.021384 0.067976
vn 0.070157 -0.021384 0.067976
vn 0.070923 -0.007398 0.070108
vn 0.070923 -0.007398 0.070108
vn 0.070923 -0.007398 0.070108
vn 0.070530 -0.007190 0.070525
vn 0.070530 -0.007190 0.070525
vn 0.070530 -0.007190 0.070525
vn 0.070530 0.007190 0.070525
vn 0.070530 0.007190 0.070525
vn 0.070530 0.007190 0.070525
vn 0.070923 0.007398 0.070108
vn 0.070923 0.007398 0.070108
vn 0.070923 0.007398 0.070108
vn 0.070157 0.021384 0.067976
vn 0.070157 0.021384 0.067976
vn 0.070157 0.021384 0.067976
vn 0.071295 0.021751 0.066662
vn 0.071295 0.021751 0.066662
vn 0.071295 0.021751 0.066662
vn 0.069806 0.034829 0.062563
vn 0.069806 0.034829 0.062563
vn 0.069806 0.034829 0.062563
vn 0.071634 0.035013 0.060355
vn 0.071634 0.035013 0.060355
vn 0.071634 0.035013 0.060355
vn 0.069477 0.046945 0.054489
vn 0.069477 0.046945 0.054489
vn 0.069477 0.046945 0.054489
vn 0.071940 0.046626 0.051484
vn 0.071940 0.046626 0.051484
vn 0.071940 0.046626 0.051484
vn 0.057738 0.057733 -0.057734
vn 0.057738 0.057733 -0.057734
vn 0.057738 0.057733 -0.057734
vn 0.070713 0.000000 -0.070708
vn 0.070713 0.000000 -0.070708
vn 0.070713 0.000000 -0.070708
vn 0.070713 0.000000 -0.070708
vn 0.000000 0.070710 -0.070711
vn 0.000000 0.070710 -0.070711
vn 0.000000 0.070710 -0.070711
vn 0.000000 0.070710 -0.070711
vn 0.057738 0.057733 0.057734
vn 0.057738 0.057733 0.057734
vn 0.057738 0.057733 0.057734
vn 0.070713 -0.000000 0.070708
vn 0.070713 -0.000000 0.070708
vn 0.070713 -0.000000 0.070708
vn 0.070713 -0.000000 0.070708
vn 0.070714 0.070707 0.000000
vn 0.070714 0.070707 0.000000
vn 0.070714 0.070707 0.000000
vn 0.070714 0.070707 0.000000
vn -0.000000 0.070710 0.070711
vn -0.000000 0.070710 0.070711
vn -0.000000 0.070710 0.070711
vn -0.000000 0.070710 0.070711
vn 0.000000 0.100000 0.000000
vn 0.000000 0.100000 0.000000
vn 0.000000 0.100000 0.000000
vn 0.000000 0.100000 0.000000
vn -0.000000 -0.000000 0.100000
vn -0.000000 -0.000000 0.100000
vn -0.000000 -0.000000 0.100000
vn -0.000000 -0.000000 0.100000
vn -0.000000 -0.100000 -0.000000
vn -0.000000 -0.100000 -0.000000
vn -0.000000 -0.100000 -0.000000
vn -0.000000 -0.100000 -0.000000
vn -0.000000 -0.100000 -0.000000
vn 0.000000 0.000000 -0.100000
vn 0.000000 0.000000 -0.100000
vn 0.000000 0.000000 -0.100000
vn 0.000000 0.000000 -0.100000
vn 0.070949 0.069916 -0.008833
vn 0.070949 0.069916 -0.008833
vn 0.070949 0.069916 -0.008833
vn 0.069991 0.066782 -0.025327
vn 0.069991 0.066782 -0.025327
vn 0.069991 0.066782 -0.025327
vn 0.071413 0.065085 -0.025769
vn 0.071413 0.065085 -0.025769
vn 0.071413 0.065085 -0.025769
vn 0.069557 0.059128 -0.040813
vn 0.069557 0.059128 -0.040813
vn 0.069557 0.059128 -0.040813
vn 0.071830 0.056286 -0.040894
vn 0.071830 0.056286 -0.040894
vn 0.071830 0.056286 -0.040894
vn 0.069156 0.047898 -0.054067
vn 0.069156 0.047898 -0.054067
vn 0.069156 0.047898 -0.054067
vn 0.072200 0.044103 -0.053311
vn 0.072200 0.044103 -0.053311
vn 0.072200 0.044103 -0.053311
vn 0.068789 0.033730 -0.064267
vn 0.068789 0.033730 -0.064267
vn 0.068789 0.033730 -0.064267
vn 0.072526 0.029314 -0.062295
vn 0.072526 0.029314 -0.062295
vn 0.072526 0.029314 -0.062295
vn 0.068459 0.017444 -0.070775
vn 0.068459 0.017444 -0.070775
vn 0.068459 0.017444 -0.070775
vn 0.072809 0.012845 -0.067334
vn 0.072809 0.012845 -0.067334
vn 0.072809 0.012845 -0.067334
vn 0.068165 0.000000 -0.073168
vn 0.068165 0.000000 -0.073168
vn 0.068165 0.000000 -0.073168
vn 0.073052 -0.004288 -0.068154
vn 0.073052 -0.004288 -0.068154
vn 0.073052 -0.004288 -0.068154
vn 0.067912 -0.017566 -0.071270
vn 0.067912 -0.017566 -0.071270
vn 0.067912 -0.017566 -0.071270
vn 0.073256 -0.021034 -0.064738
vn 0.073256 -0.021034 -0.064738
vn 0.073256 -0.021034 -0.064738
vn 0.067699 -0.034204 -0.065169
vn 0.067699 -0.034204 -0.065169
vn 0.067699 -0.034204 -0.065169
vn 0.073421 -0.036379 -0.057323
vn 0.073421 -0.036379 -0.057323
vn 0.073421 -0.036379 -0.057323
vn 0.067527 -0.048910 -0.055208
vn 0.067527 -0.048910 -0.055208
vn 0.067527 -0.048910 -0.055208
vn 0.073549 -0.049390 -0.046381
vn 0.073549 -0.049390 -0.046381
vn 0.073549 -0.049390 -0.046381
vn 0.067397 -0.060799 -0.041966
vn 0.067397 -0.060799 -0.041966
vn 0.067397 -0.060799 -0.041966
vn 0.073639 -0.059287 -0.032594
vn 0.073639 -0.059287 -0.032594
vn 0.073639 -0.059287 -0.032594
vn 0.067310 -0.069149 -0.026225
vn 0.067310 -0.069149 -0.026225
vn 0.067310 -0.069149 -0.026225
vn 0.073694 -0.065473 -0.016810
vn 0.073694 -0.065473 -0.016810
vn 0.073694 -0.065473 -0.016810
vn 0.067267 -0.073455 -0.008919
vn 0.067267 -0.073455 -0.008919
vn 0.067267 -0.073455 -0.008919
vn 0.067267 -0.073455 0.008919
vn 0.067267 -0.073455 0.008919
vn 0.067267 -0.073455 0.008919
vn 0.073693 -0.065473 0.016811
vn 0.073693 -0.065473 0.016811
vn 0.073693 -0.065473 0.016811
vn 0.067310 -0.069149 0.026225
vn 0.067310 -0.069149 0.026225
vn 0.067310 -0.069149 0.026225
vn 0.073639 -0.059287 0.032593
vn 0.073639 -0.059287 0.032593
vn 0.073639 -0.059287 0.032593
vn 0.067397 -0.060798 0.041966
vn 0.067397 -0.060798 0.041966
vn 0.067397 -0.060798 0.041966
vn 0.073548 -0.049391 0.046381
vn 0.073548 -0.049391 0.046381
vn 0.073548 -0.049391 0.046381
vn 0.067526 -0.048911 0.055208
vn 0.067526 -0.048911 0.055208
vn 0.067526 -0.048911 0.055208
vn 0.073421 -0.036379 0.057323
vn 0.073421 -0.036379 0.057323
vn 0.073421 -0.036379 0.057323
vn 0.067699 -0.034204 0.065169
vn 0.067699 -0.034204 0.065169
vn 0.067699 -0.034204 0.065169
vn 0.073256 -0.021034 0.064738
vn 0.073256 -0.021034 0.064738
vn 0.073256 -0.021034 0.064738
vn 0.067912 -0.017566 0.071270
vn 0.067912 -0.017566 0.071270
vn 0.067912 -0.017566 0.071270
vn 0.073052 -0.004288 0.068154
vn 0.073052 -0.004288 0.068154
vn 0.073052 -0.004288 0.068154
vn 0.068165 -0.000000 0.073168
vn 0.068165 -0.000000 0.073168
vn 0.068165 -0.000000 0.073168
vn 0.072809 0.012845 0.067334
vn 0.072809 0.012845 0.067334
vn 0.072809 0.012845 0.067334
vn 0.068459 0.017444 0.070775
vn 0.068459 0.017444 0.070775
vn 0.068459 0.017444 0.070775
vn 0.072526 0.029314 0.062295
vn 0.072526 0.029314 0.062295
vn 0.072526 0.029314 0.062295
vn 0.068789 0.033730 0.064267
vn 0.068789 0.033730 0.064267
vn 0.068789 0.033730 0.064267
vn 0.072200 0.044103 0.053311
vn 0.072200 0.044103 0.053311
vn 0.072200 0.044103 0.053311
vn 0.069155 0.047900 0.054067
vn 0.069155 0.047900 0.054067
vn 0.069155 0.047900 0.054067
vn 0.071829 0.056287 0.040895
vn 0.071829 0.056287 0.040895
vn 0.071829 0.056287 0.040895
vn 0.069556 0.059128 0.040814
vn 0.069556 0.059128 0.040814
vn 0.069556 0.059128 0.040814
vn 0.071413 0.065085 0.025769
vn 0.071413 0.065085 0.025769
vn 0.071413 0.065085 0.025769
vn 0.069990 0.066783 0.025327
vn 0.069990 0.066783 0.025327
vn 0.069990 0.066783 0.025327
vn 0.070949 0.069916 0.008832
vn 0.070949 0.069916 0.008832
vn 0.070949 0.069916 0.008832
vn 0.070455 0.070448 0.008554
vn 0.070455 0.070448 0.008554
vn 0.070455 0.070448 0.008554
vn 0.070455 0.070448 -0.008554
vn 0.070455 0.070448 -0.008554
vn 0.070455 0.070448 -0.008554
vn 0.100000 -0.000000 0.000000
vn 0.100000 -0.000000 0.000000
vn 0.100000 -0.000000 0.000000
vn 0.100000 -0.000000 0.000000
vn 0.100000 -0.000000 0.000000
vn 0.100000 -0.000000 0.000000
vn 0.100000 -0.000000 0.000000
vn 0.100000 -0.000000 0.000000
vn 0.100000 -0.000000 0.000000
vn 0.100000 -0.000000 0.000000
vn 0.100000 -0.000000 0.000000
vn 0.100000 -0.000000 0.000000
vn 0.100000 -0.000000 0.000000
vn 0.100000 -0.000000 0.000000
vn 0.100000 -0.000000 0.000000
vn 0.100000 -0.000000 0.000000
vn 0.100000 -0.000000 0.000000
vn 0.100000 -0.000000 0.000000
vn 0.100000 -0.000000 0.000000
vn 0.100000 -0.000000 0.000000
vn 0.100000 -0.000000 0.000000
vn 0.100000 -0.000000 0.000000
vn 0.100000 -0.000000 0.000000
vn 0.100000 -0.000000 0.000000
vn 0.100000 -0.000000 0.000000
vn 0.100000 -0.000000 0.000000
vn 0.100000 -0.000000 0.000000
vn 0.100000 -0.000000 0.000000
vn 0.100000 -0.000000 0.000000
vn 0.100000 -0.000000 0.000000
vn 0.100000 -0.000000 0.000000
vn 0.100000 -0.000000 0.000000
vn 0.100000 -0.000000 0.000000
vn 0.100000 -0.000000 0.000000
vn 0.100000 -0.000000 0.000000
vn 0.100000 -0.000000 0.000000
vn 0.100000 -0.000000 0.000000
vn 0.100000 -0.000000 0.000000
vn 0.100000 -0.000000 0.000000
vn 0.100000 -0.000000 0.000000
vn 0.100000 -0.000000 0.000000
vn 0.100000 -0.000000 0.000000
vn 0.100000 -0.000000 0.000000
vn 0.100000 -0.000000 0.000000
vn 0.100000 -0.000000 0.000000
vn -0.000000 0.093502 0.035460
vn -0.000000 0.093502 0.035460
vn -0.000000 0.093502 0.035460
vn -0.000000 0.093502 0.035460
vn -0.000000 0.082298 0.056807
vn -0.000000 0.082298 0.056807
vn -0.000000 0.082298 0.056807
vn -0.000000 0.082298 0.056807
vn -0.000000 0.066313 0.074851
vn -0.000000 0.066313 0.074851
vn -0.000000 0.066313 0.074851
vn -0.000000 0.066313 0.074851
vn -0.000000 0.046473 0.088545
vn -0.000000 0.046473 0.088545
vn -0.000000 0.046473 0.088545
vn -0.000000 0.046473 0.088545
vn -0.000000 0.023931 0.097094
vn -0.000000 0.023931 0.097094
vn -0.000000 0.023931 0.097094
vn -0.000000 0.023931 0.097094
vn -0.000000 -0.000000 0.100000
vn -0.000000 -0.000000 0.100000
vn -0.000000 -0.000000 0.100000
vn -0.000000 -0.000000 0.100000
vn -0.000000 -0.023931 0.097094
vn -0.000000 -0.023931 0.097094
vn -0.000000 -0.023931 0.097094
vn -0.000000 -0.023931 0.097094
vn -0.000000 -0.046473 0.088545
vn -0.000000 -0.046473 0.088545
vn -0.000000 -0.046473 0.088545
vn -0.000000 -0.046473 0.088545
vn -0.000000 -0.066313 0.074851
vn -0.000000 -0.066313 0.074851
vn -0.000000 -0.066313 0.074851
vn -0.000000 -0.066313 0.074851
vn -0.000000 -0.082298 0.056807
vn -0.000000 -0.082298 0.056807
vn -0.000000 -0.082298 0.056807
vn -0.000000 -0.082298 0.056807
vn -0.000000 -0.093502 0.035460
vn -0.000000 -0.093502 0.035460
vn -0.000000 -0.093502 0.035460
vn -0.000000 -0.093502 0.035460
vn -0.000000 -0.099271 0.012054
vn -0.000000 -0.099271 0.012054
vn -0.000000 -0.099271 0.012054
vn -0.000000 -0.099271 0.012054
vn 0.000000 -0.099271 -0.012054
vn 0.000000 -0.099271 -0.012054
vn 0.000000 -0.099271 -0.012054
vn 0.000000 -0.099271 -0.012054
vn 0.000000 -0.093502 -0.035461
vn 0.000000 -0.093502 -0.035461
vn 0.000000 -0.093502 -0.035461
vn 0.000000 -0.093502 -0.035461
vn 0.000000 -0.082299 -0.056806
vn 0.000000 -0.082299 -0.056806
vn 0.000000 -0.082299 -0.056806
vn 0.000000 -0.082299 -0.056806
vn 0.000000 -0.066312 -0.074851
vn 0.000000 -0.066312 -0.074851
vn 0.000000 -0.066312 -0.074851
vn 0.000000 -0.066312 -0.074851
vn 0.000000 -0.046473 -0.088545
vn 0.000000 -0.046473 -0.088545
vn 0.000000 -0.046473 -0.088545
vn 0.000000 -0.046473 -0.088545
vn 0.000000 -0.023931 -0.097094
vn 0.000000 -0.023931 -0.097094
vn 0.000000 -0.023931 -0.097094
vn 0.000000 -0.023931 -0.097094
vn 0.000000 0.000000 -0.100000
vn 0.000000 0.000000 -0.100000
vn 0.000000 0.000000 -0.100000
vn 0.000000 0.000000 -0.100000
vn 0.000000 0.023931 -0.097094
vn 0.000000 0.023931 -0.097094
vn 0.000000 0.023931 -0.097094
vn 0.000000 0.023931 -0.097094
vn 0.000000 0.046473 -0.088545
vn 0.000000 0.046473 -0.088545
vn 0.000000 0.046473 -0.088545
vn 0.000000 0.046473 -0.088545
vn 0.000000 0.066312 -0.074851
vn 0.000000 0.066312 -0.074851
vn 0.000000 0.066312 -0.074851
vn 0.000000 0.066312 -0.074851
vn 0.000000 0.082299 -0.056806
vn 0.000000 0.082299 -0.056806
vn 0.000000 0.082299 -0.056806
vn 0.000000 0.082299 -0.056806
vn 0.000000 0.093502 -0.035461
vn 0.000000 0.093502 -0.035461
vn 0.000000 0.093502 -0.035461
vn 0.000000 0.093502 -0.035461
vn 0.000000 0.099271 -0.012054
vn 0.000000 0.099271 -0.012054
vn 0.000000 0.099271 -0.012054
vn 0.000000 0.099271 -0.012054
vn -0.000000 0.099271 0.012054
vn -0.000000 0.099271 0.012054
vn -0.000000 0.099271 0.012054
vn -0.000000 0.099271 0.012054
vn 0.071522 0.068363 -0.014531
vn 0.071522 0.068363 -0.014531
vn 0.071522 0.068363 -0.014531
vn 0.068931 0.061595 -0.038138
vn 0.068931 0.061595 -0.038138
vn 0.068931 0.061595 -0.038138
vn 0.072630 0.055610 -0.040403
vn 0.072630 0.055610 -0.040403
vn 0.072630 0.055610 -0.040403
vn 0.068088 0.044137 -0.058445
vn 0.068088 0.044137 -0.058445
vn 0.068088 0.044137 -0.058445
vn 0.073310 0.034006 -0.058901
vn 0.073310 0.034006 -0.058901
vn 0.073310 0.034006 -0.058901
vn 0.067608 0.020164 -0.070870
vn 0.067608 0.020164 -0.070870
vn 0.067608 0.020164 -0.070870
vn 0.073594 0.007078 -0.067334
vn 0.073594 0.007078 -0.067334
vn 0.073594 0.007078 -0.067334
vn 0.067510 -0.006808 -0.073458
vn 0.067510 -0.006808 -0.073458
vn 0.067510 -0.006808 -0.073458
vn 0.073499 -0.020954 -0.064489
vn 0.073499 -0.020954 -0.064489
vn 0.073499 -0.020954 -0.064489
vn 0.067801 -0.032765 -0.065799
vn 0.067801 -0.032765 -0.065799
vn 0.067801 -0.032765 -0.065799
vn 0.073020 -0.045717 -0.050774
vn 0.073020 -0.045717 -0.050774
vn 0.073020 -0.045717 -0.050774
vn 0.068467 -0.053863 -0.049103
vn 0.068467 -0.053863 -0.049103
vn 0.068467 -0.053863 -0.049103
vn 0.072133 -0.063271 -0.028170
vn 0.072133 -0.063271 -0.028170
vn 0.072133 -0.063271 -0.028170
vn 0.069477 -0.067066 -0.025982
vn 0.069477 -0.067066 -0.025982
vn 0.069477 -0.067066 -0.025982
vn 0.070789 -0.070632 -0.000000
vn 0.070789 -0.070632 -0.000000
vn 0.070789 -0.070632 -0.000000
vn 0.070789 -0.070632 -0.000000
vn 0.069478 -0.067066 0.025981
vn 0.069478 -0.067066 0.025981
vn 0.069478 -0.067066 0.025981
vn 0.072133 -0.063271 0.028170
vn 0.072133 -0.063271 0.028170
vn 0.072133 -0.063271 0.028170
vn 0.068467 -0.053863 0.049103
vn 0.068467 -0.053863 0.049103
vn 0.068467 -0.053863 0.049103
vn 0.073020 -0.045717 0.050774
vn 0.073020 -0.045717 0.050774
vn 0.073020 -0.045717 0.050774
vn 0.067801 -0.032765 0.065799
vn 0.067801 -0.032765 0.065799
vn 0.067801 -0.032765 0.065799
vn 0.073499 -0.020954 0.064489
vn 0.073499 -0.020954 0.064489
vn 0.073499 -0.020954 0.064489
vn 0.067509 -0.006806 0.073458
vn 0.067509 -0.006806 0.073458
vn 0.067509 -0.006806 0.073458
vn 0.067607 0.020164 0.070871
vn 0.067607 0.020164 0.070871
vn 0.067607 0.020164 0.070871
vn 0.073308 0.034007 0.058902
vn 0.073308 0.034007 0.058902
vn 0.073308 0.034007 0.058902
vn 0.068088 0.044136 0.058446
vn 0.068088 0.044136 0.058446
vn 0.068088 0.044136 0.058446
vn 0.072630 0.055610 0.040403
vn 0.072630 0.055610 0.040403
vn 0.072630 0.055610 0.040403
vn 0.068931 0.061595 0.038138
vn 0.068931 0.061595 0.038138
vn 0.068931 0.061595 0.038138
vn 0.071522 0.068363 0.014531
vn 0.071522 0.068363 0.014531
vn 0.071522 0.068363 0.014531
vn 0.070099 0.070103 0.013104
vn 0.070099 0.070103 0.013104
vn 0.070099 0.070103 0.013104
vn 0.070099 0.070103 -0.013105
vn 0.070099 0.070103 -0.013105
vn 0.070099 0.070103 -0.013105
vn -0.000000 -0.000000 0.100000
vn -0.000000 -0.000000 0.100000
vn -0.000000 -0.000000 0.100000
vn -0.000000 -0.000000 0.100000
vn 0.000000 0.100000 0.000000
vn 0.000000 0.100000 0.000000
vn 0.000000 0.100000 0.000000
vn 0.000000 0.100000 0.000000
vn 0.000000 0.070711 -0.070711
vn 0.000000 0.070711 -0.070711
vn 0.000000 0.070711 -0.070711
vn 0.000000 0.070711 -0.070711
vn 0.000000 -0.070711 -0.070711
vn 0.000000 -0.070711 -0.070711
vn 0.000000 -0.070711 -0.070711
vn 0.000000 -0.070711 -0.070711
vn -0.000000 -0.100000 -0.000000
vn -0.000000 -0.100000 -0.000000
vn -0.000000 -0.100000 -0.000000
vn -0.000000 -0.100000 -0.000000
vn 0.100000 -0.000000 0.000000
vn 0.100000 -0.000000 0.000000
vn 0.100000 -0.000000 0.000000
vn 0.100000 -0.000000 0.000000
vn 0.100000 -0.000000 0.000000
vn 0.100000 -0.000000 0.000000
vn 0.100000 -0.000000 0.000000
vn 0.100000 -0.000000 0.000000
vn 0.100000 -0.000000 0.000000
vn 0.100000 -0.000000 0.000000
vn 0.100000 -0.000000 0.000000
vn 0.100000 -0.000000 0.000000
vn 0.100000 -0.000000 0.000000
vn 0.100000 -0.000000 0.000000
vn 0.100000 -0.000000 0.000000
vn 0.100000 -0.000000 0.000000
vn 0.100000 -0.000000 0.000000
vn 0.100000 -0.000000 0.000000
vn 0.100000 -0.000000 0.000000
vn 0.100000 -0.000000 0.000000
vn 0.100000 -0.000000 0.000000
vn 0.100000 -0.000000 0.000000
vn 0.100000 -0.000000 0.000000
vn 0.100000 -0.000000 0.000000
vn 0.000000 0.085022 -0.052643
vn 0.000000 0.085022 -0.052643
vn 0.000000 0.085022 -0.052643
vn 0.000000 0.060265 -0.079801
vn 0.000000 0.060265 -0.079801
vn 0.000000 0.060265 -0.079801
vn 0.000000 0.060265 -0.079801
vn 0.000000 0.027366 -0.096183
vn 0.000000 0.027366 -0.096183
vn 0.000000 0.027366 -0.096183
vn 0.000000 0.027366 -0.096183
vn 0.000000 -0.009228 -0.099573
vn 0.000000 -0.009228 -0.099573
vn 0.000000 -0.009228 -0.099573
vn 0.000000 -0.009228 -0.099573
vn 0.000000 -0.044574 -0.089516
vn 0.000000 -0.044574 -0.089516
vn 0.000000 -0.044574 -0.089516
vn 0.000000 -0.044574 -0.089516
vn 0.000000 -0.073901 -0.067370
vn 0.000000 -0.073901 -0.067370
vn 0.000000 -0.073901 -0.067370
vn 0.000000 -0.073901 -0.067370
vn 0.000000 -0.093247 -0.036124
vn 0.000000 -0.093247 -0.036124
vn 0.000000 -0.093247 -0.036124
vn 0.000000 -0.093247 -0.036124
vn -0.000000 -0.100000 -0.000000
vn -0.000000 -0.100000 -0.000000
vn -0.000000 -0.100000 -0.000000
vn -0.000000 -0.100000 -0.000000
vn -0.000000 -0.093247 0.036124
vn -0.000000 -0.093247 0.036124
vn -0.000000 -0.093247 0.036124
vn -0.000000 -0.093247 0.036124
vn -0.000000 -0.073901 0.067370
vn -0.000000 -0.073901 0.067370
vn -0.000000 -0.073901 0.067370
vn -0.000000 -0.073901 0.067370
vn -0.000000 -0.044574 0.089516
vn -0.000000 -0.044574 0.089516
vn -0.000000 -0.044574 0.089516
vn -0.000000 -0.044574 0.089516
vn -0.000000 -0.009226 0.099574
vn -0.000000 -0.009226 0.099574
vn -0.000000 -0.009226 0.099574
vn -0.000000 -0.009226 0.099574
vn -0.000000 0.027366 0.096183
vn -0.000000 0.027366 0.096183
vn -0.000000 0.027366 0.096183
vn -0.000000 0.027366 0.096183
vn -0.000000 0.060263 0.079802
vn -0.000000 0.060263 0.079802
vn -0.000000 0.060263 0.079802
vn -0.000000 0.060263 0.079802
vn -0.000000 0.085022 0.052643
vn -0.000000 0.085022 0.052643
vn -0.000000 0.085022 0.052643
vn -0.000000 0.085022 0.052643
vn 0.000000 0.085022 -0.052643
vn 0.000000 0.098297 -0.018375
vn 0.000000 0.098297 -0.018375
vn 0.000000 0.098297 -0.018375
vn 0.000000 0.098297 -0.018375
vn -0.000000 0.098297 0.018375
vn -0.000000 0.098297 0.018375
vn -0.000000 0.098297 0.018375
vn -0.000000 0.098297 0.018375
vn 0.100000 -0.000000 0.000000
vn 0.100000 -0.000000 0.000000
vn 0.100000 -0.000000 0.000000
vn 0.100000 -0.000000 0.000000
vn 0.100000 -0.000000 0.000000
vn 0.100000 -0.000000 0.000000
vn 0.100000 -0.000000 0.000000
vn 0.100000 -0.000000 0.000000
vn 0.100000 -0.000000 0.000000
vn 0.070911 0.069548 -0.011606
vn 0.070911 0.069548 -0.011606
vn 0.070911 0.069548 -0.011606
vn 0.069689 0.063901 -0.032559
vn 0.069689 0.063901 -0.032559
vn 0.069689 0.063901 -0.032559
vn 0.071513 0.061475 -0.033269
vn 0.071513 0.061475 -0.033269
vn 0.071513 0.061475 -0.033269
vn 0.069161 0.051073 -0.051073
vn 0.069161 0.051073 -0.051073
vn 0.069161 0.051073 -0.051073
vn 0.072031 0.046980 -0.051034
vn 0.072031 0.046980 -0.051034
vn 0.072031 0.046980 -0.051034
vn 0.068689 0.032994 -0.064755
vn 0.068689 0.032994 -0.064755
vn 0.068689 0.032994 -0.064755
vn 0.072470 0.027680 -0.063102
vn 0.072470 0.027680 -0.063102
vn 0.072470 0.027680 -0.063102
vn 0.068277 0.011430 -0.072164
vn 0.068277 0.011430 -0.072164
vn 0.068277 0.011430 -0.072164
vn 0.072836 0.005658 -0.068286
vn 0.072836 0.005658 -0.068286
vn 0.072836 0.005658 -0.068286
vn 0.067928 -0.011481 -0.072484
vn 0.067928 -0.011481 -0.072484
vn 0.067928 -0.011481 -0.072484
vn 0.073130 -0.016744 -0.066118
vn 0.073130 -0.016744 -0.066118
vn 0.073130 -0.016744 -0.066118
vn 0.067646 -0.033435 -0.065621
vn 0.067646 -0.033435 -0.065621
vn 0.067646 -0.033435 -0.065621
vn 0.073357 -0.037171 -0.056896
vn 0.073357 -0.037171 -0.056896
vn 0.073357 -0.037171 -0.056896
vn 0.067432 -0.052216 -0.052215
vn 0.067432 -0.052216 -0.052215
vn 0.067432 -0.052216 -0.052215
vn 0.073516 -0.053495 -0.041637
vn 0.073516 -0.053495 -0.041637
vn 0.073516 -0.053495 -0.041637
vn 0.067288 -0.065912 -0.033584
vn 0.067288 -0.065912 -0.033584
vn 0.067288 -0.065912 -0.033584
vn 0.073612 -0.064018 -0.021977
vn 0.073612 -0.064018 -0.021977
vn 0.073612 -0.064018 -0.021977
vn 0.067216 -0.073129 -0.011582
vn 0.067216 -0.073129 -0.011582
vn 0.067216 -0.073129 -0.011582
vn 0.073644 -0.067651 -0.000000
vn 0.073644 -0.067651 -0.000000
vn 0.073644 -0.067651 -0.000000
vn 0.067216 -0.073129 0.011582
vn 0.067216 -0.073129 0.011582
vn 0.067216 -0.073129 0.011582
vn 0.073612 -0.064018 0.021977
vn 0.073612 -0.064018 0.021977
vn 0.073612 -0.064018 0.021977
vn 0.067288 -0.065912 0.033584
vn 0.067288 -0.065912 0.033584
vn 0.067288 -0.065912 0.033584
vn 0.073516 -0.053495 0.041637
vn 0.073516 -0.053495 0.041637
vn 0.073516 -0.053495 0.041637
vn 0.067432 -0.052216 0.052215
vn 0.067432 -0.052216 0.052215
vn 0.067432 -0.052216 0.052215
vn 0.073357 -0.037171 0.056896
vn 0.073357 -0.037171 0.056896
vn 0.073357 -0.037171 0.056896
vn 0.067646 -0.033435 0.065621
vn 0.067646 -0.033435 0.065621
vn 0.067646 -0.033435 0.065621
vn 0.073130 -0.016744 0.066118
vn 0.073130 -0.016744 0.066118
vn 0.073130 -0.016744 0.066118
vn 0.067927 -0.011480 0.072485
vn 0.067927 -0.011480 0.072485
vn 0.067927 -0.011480 0.072485
vn 0.072835 0.005658 0.068287
vn 0.072835 0.005658 0.068287
vn 0.072835 0.005658 0.068287
vn 0.068276 0.011429 0.072165
vn 0.068276 0.011429 0.072165
vn 0.068276 0.011429 0.072165
vn 0.072470 0.027680 0.063102
vn 0.072470 0.027680 0.063102
vn 0.072470 0.027680 0.063102
vn 0.068689 0.032994 0.064755
vn 0.068689 0.032994 0.064755
vn 0.068689 0.032994 0.064755
vn 0.072031 0.046980 0.051034
vn 0.072031 0.046980 0.051034
vn 0.072031 0.046980 0.051034
vn 0.069161 0.051073 0.051073
vn 0.069161 0.051073 0.051073
vn 0.069161 0.051073 0.051073
vn 0.071513 0.061475 0.033269
vn 0.071513 0.061475 0.033269
vn 0.071513 0.061475 0.033269
vn 0.069689 0.063901 0.032559
vn 0.069689 0.063901 0.032559
vn 0.069689 0.063901 0.032559
vn 0.070911 0.069548 0.011605
vn 0.070911 0.069548 0.011605
vn 0.070911 0.069548 0.011605
vn 0.070269 0.070274 0.011130
vn 0.070269 0.070274 0.011130
vn 0.070269 0.070274 0.011130
vn 0.070269 0.070273 -0.011130
vn 0.070269 0.070273 -0.011130
vn 0.070269 0.070273 -0.011130
vn 0.100000 -0.000000 0.000000
vn 0.100000 -0.000000 0.000000
vn 0.100000 -0.000000 0.000000
vn 0.100000 -0.000000 0.000000
vn 0.100000 -0.000000 0.000000
vn 0.100000 -0.000000 0.000000
vn 0.100000 -0.000000 0.000000
vn 0.100000 -0.000000 0.000000
vn 0.100000 -0.000000 0.000000
vn 0.100000 -0.000000 0.000000
vn 0.100000 -0.000000 0.000000
vn 0.100000 -0.000000 0.000000
vn 0.100000 -0.000000 0.000000
vn 0.100000 -0.000000 0.000000
vn 0.100000 -0.000000 0.000000
vn 0.100000 -0.000000 0.000000
vn 0.100000 -0.000000 0.000000
vn 0.100000 -0.000000 0.000000
vn 0.100000 -0.000000 0.000000
vn 0.100000 -0.000000 0.000000
vn 0.100000 -0.000000 0.000000
vn 0.100000 -0.000000 0.000000
vn 0.100000 -0.000000 0.000000
vn 0.100000 -0.000000 0.000000
vn 0.100000 -0.000000 0.000000
vn 0.100000 -0.000000 0.000000
vn 0.100000 -0.000000 0.000000
vn 0.100000 -0.000000 0.000000
vn 0.100000 -0.000000 0.000000
vn 0.100000 -0.000000 0.000000
vn 0.100000 -0.000000 0.000000
vn 0.100000 -0.000000 0.000000
vn 0.100000 -0.000000 0.000000
vn 0.100000 -0.000000 0.000000
vn 0.100000 -0.000000 0.000000
vn 0.100000 -0.000000 0.000000
vn -0.000000 0.089101 0.045399
vn -0.000000 0.089101 0.045399
vn -0.000000 0.089101 0.045399
vn -0.000000 0.089101 0.045399
vn -0.000000 0.070711 0.070711
vn -0.000000 0.070711 0.070711
vn -0.000000 0.070711 0.070711
vn -0.000000 0.070711 0.070711
vn -0.000000 0.045399 0.089101
vn -0.000000 0.045399 0.089101
vn -0.000000 0.045399 0.089101
vn -0.000000 0.045399 0.089101
vn -0.000000 0.015642 0.098769
vn -0.000000 0.015642 0.098769
vn -0.000000 0.015642 0.098769
vn -0.000000 0.015642 0.098769
vn -0.000000 -0.015642 0.098769
vn -0.000000 -0.015642 0.098769
vn -0.000000 -0.015642 0.098769
vn -0.000000 -0.015642 0.098769
vn -0.000000 -0.045399 0.089101
vn -0.000000 -0.045399 0.089101
vn -0.000000 -0.045399 0.089101
vn -0.000000 -0.045399 0.089101
vn -0.000000 -0.070711 0.070711
vn -0.000000 -0.070711 0.070711
vn -0.000000 -0.070711 0.070711
vn -0.000000 -0.070711 0.070711
vn -0.000000 -0.089101 0.045399
vn -0.000000 -0.089101 0.045399
vn -0.000000 -0.089101 0.045399
vn -0.000000 -0.089101 0.045399
vn -0.000000 -0.098769 0.015643
vn -0.000000 -0.098769 0.015643
vn -0.000000 -0.098769 0.015643
vn -0.000000 -0.098769 0.015643
vn 0.000000 -0.098769 -0.015643
vn 0.000000 -0.098769 -0.015643
vn 0.000000 -0.098769 -0.015643
vn 0.000000 -0.098769 -0.015643
vn 0.000000 -0.089101 -0.045399
vn 0.000000 -0.089101 -0.045399
vn 0.000000 -0.089101 -0.045399
vn 0.000000 -0.089101 -0.045399
vn 0.000000 -0.070711 -0.070711
vn 0.000000 -0.070711 -0.070711
vn 0.000000 -0.070711 -0.070711
vn 0.000000 -0.070711 -0.070711
vn 0.000000 -0.045399 -0.089101
vn 0.000000 -0.045399 -0.089101
vn 0.000000 -0.045399 -0.089101
vn 0.000000 -0.045399 -0.089101
vn 0.000000 -0.015644 -0.098769
vn 0.000000 -0.015644 -0.098769
vn 0.000000 -0.015644 -0.098769
vn 0.000000 -0.015644 -0.098769
vn 0.000000 0.015644 -0.098769
vn 0.000000 0.015644 -0.098769
vn 0.000000 0.015644 -0.098769
vn 0.000000 0.015644 -0.098769
vn 0.000000 0.045399 -0.089101
vn 0.000000 0.045399 -0.089101
vn 0.000000 0.045399 -0.089101
vn 0.000000 0.045399 -0.089101
vn 0.000000 0.070711 -0.070711
vn 0.000000 0.070711 -0.070711
vn 0.000000 0.070711 -0.070711
vn 0.000000 0.070711 -0.070711
vn 0.000000 0.089101 -0.045399
vn 0.000000 0.089101 -0.045399
vn 0.000000 0.089101 -0.045399
vn 0.000000 0.089101 -0.045399
vn 0.000000 0.098769 -0.015644
vn 0.000000 0.098769 -0.015644
vn 0.000000 0.098769 -0.015644
vn 0.000000 0.098769 -0.015644
vn -0.000000 0.098769 0.015643
vn -0.000000 0.098769 0.015643
vn -0.000000 0.098769 0.015643
vn -0.000000 0.098769 0.015643
vn 0.000000 0.100000 0.000000
vn 0.000000 0.100000 0.000000
vn 0.000000 0.100000 0.000000
vn 0.000000 0.100000 0.000000
vn 0.000000 0.100000 0.000000
vn -0.000000 -0.100000 -0.000000
vn -0.000000 -0.100000 -0.000000
vn -0.000000 -0.100000 -0.000000
vn -0.000000 -0.100000 -0.000000
vn -0.000000 -0.100000 -0.000000
vn -0.000000 -0.000000 0.100000
vn -0.000000 -0.000000 0.100000
vn -0.000000 -0.000000 0.100000
vn -0.000000 -0.000000 0.100000
vn -0.000000 -0.000000 0.100000
vn -0.000000 -0.000000 0.100000
vn -0.000000 -0.000000 0.100000
vn -0.000000 -0.000000 0.100000
vn -0.000000 -0.000000 0.100000
vn -0.000000 -0.000000 0.100000
vn -0.000000 -0.000000 0.100000
vn -0.000000 -0.000000 0.100000
vn -0.000000 -0.067128 0.074121
vn -0.000000 -0.067128 0.074121
vn -0.000000 -0.067128 0.074121
vn -0.000000 -0.067128 0.074121
vn -0.000000 -0.050179 0.086499
vn -0.000000 -0.050179 0.086499
vn -0.000000 -0.050179 0.086499
vn -0.000000 -0.050179 0.086499
vn -0.000000 -0.031020 0.095067
vn -0.000000 -0.031020 0.095067
vn -0.000000 -0.031020 0.095067
vn -0.000000 -0.031020 0.095067
vn -0.000000 -0.010495 0.099448
vn -0.000000 -0.010495 0.099448
vn -0.000000 -0.010495 0.099448
vn -0.000000 -0.010495 0.099448
vn -0.000000 0.010495 0.099448
vn -0.000000 0.010495 0.099448
vn -0.000000 0.010495 0.099448
vn -0.000000 0.010495 0.099448
vn -0.000000 0.031020 0.095067
vn -0.000000 0.031020 0.095067
vn -0.000000 0.031020 0.095067
vn -0.000000 0.031020 0.095067
vn -0.000000 0.050179 0.086499
vn -0.000000 0.050179 0.086499
vn -0.000000 0.050179 0.086499
vn -0.000000 0.050179 0.086499
vn -0.000000 0.067128 0.074121
vn -0.000000 0.067128 0.074121
vn -0.000000 0.067128 0.074121
vn -0.000000 0.067128 0.074121
vn -0.000000 -0.067128 0.074121
vn -0.000000 -0.067128 0.074121
vn -0.000000 -0.067128 0.074121
vn -0.000000 -0.067128 0.074121
vn -0.000000 -0.050179 0.086499
vn -0.000000 -0.050179 0.086499
vn -0.000000 -0.050179 0.086499
vn -0.000000 -0.050179 0.086499
vn -0.000000 -0.031020 0.095067
vn -0.000000 -0.031020 0.095067
vn -0.000000 -0.031020 0.095067
vn -0.000000 -0.031020 0.095067
vn -0.000000 -0.010495 0.099448
vn -0.000000 -0.010495 0.099448
vn -0.000000 -0.010495 0.099448
vn -0.000000 -0.010495 0.099448
vn -0.000000 0.010495 0.099448
vn -0.000000 0.010495 0.099448
vn -0.000000 0.010495 0.099448
vn -0.000000 0.010495 0.099448
vn -0.000000 0.031020 0.095067
vn -0.000000 0.031020 0.095067
vn -0.000000 0.031020 0.095067
vn -0.000000 0.031020 0.095067
vn -0.000000 0.050179 0.086499
vn -0.000000 0.050179 0.086499
vn -0.000000 0.050179 0.086499
vn -0.000000 0.050179 0.086499
vn -0.000000 0.067128 0.074121
vn -0.000000 0.067128 0.074121
vn -0.000000 0.067128 0.074121
vn -0.000000 0.067128 0.074121
vn -0.100000 0.000000 -0.000000
vn -0.100000 0.000000 -0.000000
vn -0.100000 0.000000 -0.000000
vn -0.100000 0.000000 -0.000000
vn -0.000000 -0.100000 -0.000000
vn -0.000000 -0.100000 -0.000000
vn -0.000000 -0.100000 -0.000000
vn -0.000000 -0.100000 -0.000000
vn 0.000000 0.100000 0.000000
vn 0.000000 0.100000 0.000000
vn 0.000000 0.100000 0.000000
vn 0.000000 0.100000 0.000000
vn 0.000000 0.000000 -0.100000
vn 0.000000 0.000000 -0.100000
vn 0.000000 0.000000 -0.100000
vn 0.000000 0.000000 -0.100000
vn 0.000000 0.000000 -0.100000
vn 0.000000 0.000000 -0.100000
vn 0.100000 -0.000000 0.000000
vn 0.100000 -0.000000 0.000000
vn 0.100000 -0.000000 0.000000
vn 0.100000 -0.000000 0.000000
vn 0.100000 -0.000000 0.000000
vn 0.100000 -0.000000 0.000000
vn 0.100000 -0.000000 0.000000
vn 0.100000 -0.000000 0.000000
vn 0.100000 -0.000000 0.000000
vn 0.100000 -0.000000 0.000000
usemtl Steel_-_Satin
f 2/1/1 3/2/2 1/3/3
f 1/3/3 3/2/2 4/4/4
f 2/5/5 1/6/6 6/7/7
f 6/7/7 1/6/6 5/8/8
f 8/9/9 62/10/10 7/11/11
f 7/11/11 62/10/10 63/12/12
f 7/11/11 63/12/12 32/13/13
f 32/13/13 63/12/12 64/14/14
f 32/13/13 64/14/14 65/15/15
f 62/10/10 8/9/9 61/16/16
f 61/16/16 8/9/9 9/17/17
f 61/16/16 9/17/17 10/18/18
f 61/16/16 10/18/18 60/19/19
f 60/19/19 10/18/18 11/20/20
f 60/19/19 11/20/20 12/21/21
f 60/19/19 12/21/21 51/22/22
f 51/22/22 12/21/21 13/23/23
f 51/22/22 13/23/23 50/24/24
f 50/24/24 13/23/23 14/25/25
f 50/24/24 14/25/25 49/26/26
f 49/26/26 14/25/25 15/27/27
f 49/26/26 15/27/27 48/28/28
f 48/28/28 15/27/27 16/29/29
f 48/28/28 16/29/29 47/30/30
f 47/30/30 16/29/29 17/31/31
f 47/30/30 17/31/31 46/32/32
f 46/32/32 17/31/31 18/33/33
f 46/32/32 18/33/33 19/34/34
f 19/34/34 20/35/35 46/32/32
f 46/32/32 20/35/35 45/36/36
f 45/36/36 20/35/35 21/37/37
f 45/36/36 21/37/37 22/38/38
f 45/36/36 22/38/38 44/39/39
f 44/39/39 22/38/38 23/40/40
f 44/39/39 23/40/40 43/41/41
f 43/41/41 23/40/40 24/42/42
f 43/41/41 24/42/42 42/43/43
f 42/43/43 24/42/42 25/44/44
f 42/43/43 25/44/44 41/45/45
f 41/45/45 25/44/44 26/46/46
f 41/45/45 26/46/46 40/47/47
f 40/47/47 26/46/46 27/48/48
f 40/47/47 27/48/48 1/49/49
f 1/49/49 27/48/48 28/50/50
f 1/49/49 28/50/50 29/51/51
f 1/49/49 29/51/51 5/52/52
f 5/52/52 29/51/51 30/53/53
f 5/52/52 30/53/53 31/54/54
f 5/52/52 31/54/54 65/15/15
f 65/15/15 31/54/54 32/13/13
f 4/55/55 35/56/56 1/49/49
f 1/49/49 35/56/56 39/57/57
f 1/49/49 39/57/57 40/47/47
f 33/58/58 34/59/59 4/55/55
f 4/55/55 34/59/59 35/56/56
f 39/57/57 35/56/56 38/60/60
f 38/60/60 35/56/56 36/61/61
f 38/60/60 36/61/61 37/62/62
f 51/22/22 52/63/63 60/19/19
f 60/19/19 52/63/63 56/64/64
f 60/19/19 56/64/64 59/65/65
f 59/65/65 56/64/64 57/66/66
f 59/65/65 57/66/66 58/67/67
f 52/63/63 53/68/68 56/64/64
f 56/64/64 53/68/68 55/69/69
f 55/69/69 53/68/68 54/70/70
f 66/71/71 61/72/72 67/73/73
f 67/73/73 61/72/72 60/74/74
f 68/75/75 69/76/76 71/77/77
f 71/77/77 69/76/76 70/78/78
f 72/79/79 64/80/80 73/81/81
f 73/81/81 64/80/80 63/82/82
f 74/83/83 75/84/84 77/85/85
f 77/85/85 75/84/84 76/86/86
f 78/87/87 79/88/88 80/89/89
f 81/90/90 82/91/91 83/92/92
f 58/93/93 57/94/94 84/95/95
f 84/95/95 57/94/94 68/96/96
f 68/96/96 57/94/94 69/97/97
f 86/98/98 2/99/99 85/100/100
f 85/100/100 2/99/99 6/101/101
f 85/100/100 6/101/101 66/102/102
f 66/102/102 6/101/101 90/103/103
f 66/102/102 90/103/103 91/104/104
f 91/104/104 90/103/103 72/105/105
f 91/104/104 72/105/105 73/106/106
f 87/107/107 88/108/108 86/98/98
f 86/98/98 88/108/108 3/109/109
f 86/98/98 3/109/109 2/99/99
f 88/108/108 89/110/110 3/109/109
f 85/100/100 66/102/102 94/111/111
f 94/111/111 66/102/102 67/112/112
f 94/111/111 67/112/112 93/113/113
f 93/113/113 67/112/112 92/114/114
f 93/113/113 92/114/114 68/115/115
f 68/115/115 92/114/114 84/116/116
f 68/115/115 71/117/117 93/113/113
f 70/118/118 56/119/119 95/120/120
f 56/121/121 70/122/122 57/123/123
f 57/123/123 70/122/122 69/124/124
f 95/125/125 93/126/126 70/127/127
f 70/127/127 93/126/126 71/128/128
f 96/129/129 55/130/130 97/131/131
f 56/132/132 55/133/133 95/134/134
f 95/134/134 55/133/133 96/135/135
f 98/136/136 96/137/137 99/138/138
f 99/138/138 96/137/137 97/139/139
f 54/140/140 97/141/141 55/142/142
f 100/143/143 97/144/141 54/145/140
f 101/146/144 46/147/145 102/148/146
f 101/149/147 47/150/148 46/151/149
f 103/152/150 47/153/151 101/154/152
f 103/155/153 48/156/154 47/157/155
f 104/158/156 48/159/157 103/160/158
f 104/161/159 49/162/160 48/163/161
f 105/164/162 49/165/163 104/166/164
f 105/167/165 50/168/166 49/169/167
f 105/170/168 51/171/169 50/172/170
f 106/173/171 51/174/172 105/175/173
f 106/176/174 52/177/175 51/178/176
f 107/179/177 52/180/178 106/181/179
f 107/182/180 53/183/181 52/184/182
f 108/185/183 53/186/184 107/187/185
f 108/188/186 54/189/187 53/190/188
f 100/191/189 54/192/190 108/193/191
f 45/194/192 109/195/193 46/196/194
f 46/196/194 109/195/193 102/197/195
f 110/198/196 37/199/197 111/200/198
f 110/201/199 38/202/200 37/203/201
f 112/204/202 38/205/203 110/206/204
f 112/207/205 39/208/206 38/209/207
f 113/210/208 39/211/209 112/212/210
f 113/213/211 40/214/212 39/215/213
f 114/216/214 40/217/215 113/218/216
f 114/219/217 41/220/218 40/221/219
f 114/222/220 42/223/221 41/224/222
f 115/225/223 42/226/224 114/227/225
f 115/228/226 43/229/227 42/230/228
f 116/231/229 43/232/230 115/233/231
f 116/234/232 44/235/233 43/236/234
f 117/237/235 44/238/236 116/239/237
f 117/240/238 45/241/239 44/242/240
f 109/243/241 45/244/242 117/245/243
f 118/246/244 35/247/245 119/248/246
f 34/249/247 119/250/248 35/251/249
f 120/252/250 119/253/248 34/254/247
f 86/255/251 118/256/252 87/257/253
f 87/257/253 118/256/252 119/258/254
f 121/259/255 36/260/256 122/261/257
f 37/262/258 121/263/259 111/264/260
f 36/265/261 121/266/259 37/267/258
f 36/268/262 35/269/263 122/270/264
f 122/270/264 35/269/263 118/271/265
f 122/272/266 123/273/267 121/274/268
f 121/274/268 123/273/267 124/275/269
f 60/276/270 59/277/271 67/278/272
f 67/278/272 59/277/271 92/279/273
f 92/280/274 58/281/275 84/282/276
f 59/283/277 58/284/275 92/285/274
f 120/286/278 34/287/279 88/288/280
f 88/288/280 34/287/279 89/289/281
f 89/289/281 34/287/279 33/290/282
f 120/291/283 88/292/284 119/293/285
f 119/293/285 88/292/284 87/294/286
f 125/295/287 126/296/288 127/297/289
f 125/298/290 128/299/291 126/300/292
f 129/301/293 128/302/294 125/303/295
f 129/304/296 130/305/297 128/306/298
f 131/307/299 130/308/300 129/309/301
f 131/310/302 132/311/303 130/312/304
f 133/313/305 132/314/306 131/315/307
f 133/316/308 134/317/309 132/318/310
f 135/319/311 134/320/312 133/321/313
f 135/322/314 136/323/315 134/324/316
f 137/325/317 136/326/318 135/327/319
f 137/328/320 138/329/321 136/330/322
f 139/331/323 138/332/324 137/333/325
f 139/334/326 140/335/327 138/336/328
f 141/337/329 140/338/330 139/339/331
f 141/340/332 142/341/333 140/342/334
f 143/343/335 142/344/336 141/345/337
f 143/346/338 144/347/339 142/348/340
f 145/349/341 144/350/342 143/351/343
f 145/352/344 146/353/345 144/354/346
f 147/355/347 146/356/348 145/357/349
f 147/358/350 148/359/351 146/360/352
f 81/361/353 148/362/354 147/363/355
f 81/364/356 83/365/357 148/366/358
f 82/367/359 149/368/360 83/369/361
f 150/370/362 149/371/363 82/372/364
f 150/373/365 151/374/366 149/375/367
f 152/376/368 151/377/369 150/378/370
f 152/379/371 153/380/372 151/381/373
f 154/382/374 153/383/375 152/384/376
f 154/385/377 155/386/378 153/387/379
f 156/388/380 155/389/381 154/390/382
f 156/391/383 157/392/384 155/393/385
f 158/394/386 157/395/387 156/396/388
f 158/397/389 159/398/390 157/399/391
f 160/400/392 159/401/393 158/402/394
f 160/403/395 161/404/396 159/405/397
f 162/406/398 161/407/399 160/408/400
f 162/409/401 163/410/402 161/411/403
f 164/412/404 163/413/405 162/414/406
f 164/415/407 165/416/408 163/417/409
f 166/418/410 165/419/411 164/420/412
f 166/421/413 167/422/414 165/423/415
f 168/424/416 167/425/417 166/426/418
f 168/427/419 169/428/420 167/429/421
f 170/430/422 169/431/423 168/432/424
f 170/433/425 171/434/426 169/435/427
f 127/436/428 171/437/429 170/438/430
f 127/439/431 172/440/432 171/441/433
f 126/442/434 172/443/435 127/444/436
f 174/445/437 125/446/438 173/447/439
f 173/447/439 125/446/438 127/448/440
f 173/447/439 127/448/440 170/449/441
f 125/446/438 174/445/437 129/450/442
f 129/450/442 174/445/437 175/451/443
f 129/450/442 175/451/443 131/452/444
f 131/452/444 175/451/443 176/453/445
f 131/452/444 176/453/445 133/454/446
f 133/454/446 176/453/445 177/455/447
f 133/454/446 177/455/447 135/456/448
f 135/456/448 177/455/447 137/457/449
f 137/457/449 177/455/447 178/458/450
f 137/457/449 178/458/450 139/459/451
f 139/459/451 178/458/450 179/460/452
f 139/459/451 179/460/452 141/461/453
f 141/461/453 179/460/452 180/462/454
f 141/461/453 180/462/454 143/463/455
f 143/463/455 180/462/454 181/464/456
f 143/463/455 181/464/456 145/465/457
f 145/465/457 181/464/456 147/466/458
f 147/466/458 181/464/456 182/467/459
f 147/466/458 182/467/459 81/468/460
f 81/468/460 182/467/459 183/469/461
f 81/468/460 183/469/461 82/470/462
f 82/470/462 183/469/461 184/471/463
f 82/470/462 184/471/463 150/472/464
f 150/472/464 184/471/463 185/473/465
f 150/472/464 185/473/465 152/474/466
f 152/474/466 185/473/465 154/475/467
f 154/475/467 185/473/465 186/476/468
f 154/475/467 186/476/468 156/477/469
f 156/477/469 186/476/468 187/478/470
f 156/477/469 187/478/470 158/479/471
f 158/479/471 187/478/470 188/480/472
f 158/479/471 188/480/472 160/481/473
f 160/481/473 188/480/472 189/482/474
f 160/481/473 189/482/474 162/483/475
f 162/483/475 189/482/474 164/484/476
f 164/484/476 189/482/474 190/485/477
f 164/484/476 190/485/477 166/486/478
f 166/486/478 190/485/477 191/487/479
f 166/486/478 191/487/479 168/488/480
f 168/488/480 191/487/479 192/489/481
f 168/488/480 192/489/481 170/449/441
f 170/449/441 192/489/481 173/447/439
f 25/490/482 169/491/483 171/492/484
f 24/493/485 169/494/483 25/495/482
f 24/496/486 167/497/487 169/498/488
f 23/499/489 167/500/487 24/501/486
f 23/502/490 165/503/491 167/504/492
f 22/505/493 165/506/491 23/507/490
f 22/508/494 163/509/495 165/510/496
f 21/511/497 163/512/495 22/513/494
f 21/514/498 161/515/499 163/516/500
f 20/517/501 161/518/499 21/519/498
f 20/520/502 159/521/503 161/522/504
f 19/523/505 159/524/503 20/525/502
f 19/526/506 157/527/507 159/528/508
f 18/529/509 157/530/507 19/531/506
f 18/532/510 155/533/511 157/534/512
f 17/535/513 155/536/511 18/537/510
f 17/538/514 153/539/515 155/540/516
f 16/541/517 153/542/515 17/543/514
f 16/544/518 151/545/519 153/546/520
f 15/547/521 151/548/519 16/549/518
f 15/550/522 149/551/523 151/552/524
f 14/553/525 149/554/523 15/555/522
f 14/556/526 83/557/527 149/558/528
f 13/559/529 83/560/527 14/561/526
f 13/562/530 148/563/531 83/564/532
f 12/565/533 148/566/531 13/567/530
f 12/568/534 146/569/535 148/570/536
f 11/571/537 146/572/535 12/573/534
f 11/574/538 144/575/539 146/576/540
f 10/577/541 144/578/539 11/579/538
f 10/580/542 142/581/543 144/582/544
f 9/583/545 142/584/543 10/585/542
f 9/586/546 140/587/547 142/588/548
f 8/589/549 140/590/547 9/591/546
f 8/592/550 138/593/551 140/594/552
f 7/595/553 138/596/551 8/597/550
f 7/598/554 136/599/555 138/600/556
f 32/601/557 136/602/555 7/603/554
f 32/604/558 134/605/559 136/606/560
f 31/607/561 134/608/559 32/609/558
f 31/610/562 132/611/563 134/612/564
f 30/613/565 132/614/563 31/615/562
f 30/616/566 130/617/567 132/618/568
f 29/619/569 130/620/567 30/621/566
f 29/622/570 128/623/571 130/624/572
f 28/625/573 128/626/571 29/627/570
f 28/628/574 126/629/575 128/630/576
f 27/631/577 126/632/575 28/633/574
f 27/634/578 172/635/579 126/636/580
f 26/637/581 172/638/579 27/639/578
f 26/640/582 171/641/583 172/642/584
f 25/643/585 171/644/583 26/645/582
f 193/646/586 194/647/587 195/648/588
f 193/649/589 196/650/590 194/651/591
f 197/652/592 196/653/593 193/654/594
f 197/655/595 198/656/596 196/657/597
f 199/658/598 198/659/599 197/660/600
f 199/661/601 200/662/602 198/663/603
f 201/664/604 200/665/605 199/666/606
f 201/667/607 202/668/608 200/669/609
f 203/670/610 202/671/611 201/672/612
f 203/673/613 204/674/614 202/675/615
f 205/676/616 204/677/617 203/678/618
f 205/679/619 206/680/620 204/681/621
f 207/682/622 206/683/623 205/684/624
f 207/685/625 208/686/626 206/687/627
f 209/688/628 208/689/629 207/690/630
f 209/691/628 210/692/631 208/693/629
f 209/694/632 211/695/633 210/696/634
f 212/697/635 211/698/636 209/699/637
f 212/700/638 213/701/639 211/702/640
f 214/703/641 213/704/642 212/705/643
f 214/706/644 215/707/645 213/708/646
f 78/709/647 215/710/648 214/711/649
f 78/712/650 80/713/651 215/714/652
f 79/715/653 216/716/654 80/717/655
f 217/718/656 216/719/657 79/720/658
f 217/721/659 218/722/660 216/723/661
f 219/724/662 218/725/663 217/726/664
f 219/727/665 220/728/666 218/729/667
f 195/730/668 220/731/669 219/732/670
f 195/733/671 221/734/672 220/735/673
f 194/736/674 221/737/675 195/738/676
f 4/739/677 3/740/678 33/741/679
f 33/741/679 3/740/678 89/742/680
f 5/743/681 65/744/682 6/745/683
f 6/745/683 65/744/682 90/746/684
f 64/747/685 72/748/686 65/749/687
f 65/749/687 72/748/686 90/750/688
f 62/751/689 91/752/690 63/753/691
f 63/753/691 91/752/690 73/754/692
f 62/755/693 61/756/694 91/757/695
f 91/757/695 61/756/694 66/758/696
f 207/759/697 205/760/698 209/761/699
f 209/761/699 205/760/698 212/762/700
f 212/762/700 205/760/698 214/763/701
f 214/763/701 205/760/698 203/764/702
f 214/763/701 203/764/702 78/765/703
f 78/765/703 203/764/702 201/766/704
f 78/765/703 201/766/704 79/767/705
f 79/767/705 201/766/704 199/768/706
f 79/767/705 199/768/706 217/769/707
f 217/769/707 199/768/706 197/770/708
f 217/769/707 197/770/708 219/771/709
f 219/771/709 197/770/708 193/772/710
f 219/771/709 193/772/710 195/773/711
f 222/774/712 223/775/713 224/776/714
f 222/777/712 225/778/715 223/779/713
f 226/780/716 225/781/715 222/782/712
f 226/783/716 227/784/717 225/785/715
f 228/786/718 227/787/717 226/788/716
f 228/789/718 229/790/719 227/791/717
f 230/792/720 229/793/719 228/794/718
f 196/795/721 231/796/722 232/797/723
f 198/798/724 231/799/725 196/800/726
f 198/801/724 233/802/727 231/803/725
f 200/804/728 233/805/729 198/806/730
f 200/807/728 234/808/731 233/809/729
f 202/810/732 234/811/733 200/812/734
f 202/813/732 235/814/735 234/815/733
f 204/816/736 235/817/737 202/818/738
f 204/819/736 236/820/739 235/821/737
f 206/822/740 236/823/741 204/824/742
f 206/825/740 237/826/743 236/827/741
f 208/828/744 237/829/745 206/830/746
f 208/831/744 238/832/747 237/833/745
f 210/834/748 238/835/749 208/836/750
f 210/837/748 239/838/751 238/839/749
f 211/840/752 239/841/753 210/842/754
f 211/843/752 240/844/755 239/845/753
f 213/846/756 240/847/757 211/848/758
f 213/849/756 241/850/759 240/851/757
f 215/852/760 242/853/761 213/854/762
f 213/854/762 242/853/761 241/855/763
f 80/856/764 242/857/765 215/858/766
f 80/859/764 243/860/767 242/861/765
f 216/862/768 243/863/769 80/864/770
f 216/865/768 244/866/771 243/867/769
f 218/868/772 244/869/773 216/870/774
f 218/871/772 245/872/775 244/873/773
f 220/874/776 245/875/777 218/876/778
f 246/877/779 245/878/777 220/879/776
f 232/880/723 194/881/780 196/882/721
f 232/883/781 221/884/782 194/885/783
f 247/886/784 221/887/782 232/888/781
f 247/889/785 220/890/786 221/891/787
f 246/892/788 220/893/786 247/894/785
f 248/895/789 249/896/790 250/897/791
f 248/898/789 251/899/792 249/900/790
f 252/901/793 251/902/792 248/903/789
f 252/904/793 253/905/794 251/906/792
f 254/907/795 253/908/794 252/909/793
f 254/910/795 255/911/796 253/912/794
f 256/913/797 255/914/796 254/915/795
f 257/916/798 258/917/799 259/918/800
f 257/919/801 260/920/802 258/921/803
f 261/922/804 260/923/805 257/924/806
f 261/925/807 262/926/808 260/927/809
f 263/928/810 262/929/811 261/930/812
f 263/931/813 264/932/814 262/933/815
f 265/934/816 264/935/817 263/936/818
f 265/937/819 266/938/820 264/939/821
f 267/940/822 266/941/823 265/942/824
f 267/943/825 268/944/826 266/945/827
f 269/946/828 268/947/829 267/948/830
f 269/949/831 270/950/832 268/951/833
f 271/952/834 270/953/835 269/954/836
f 271/955/837 272/956/838 270/957/839
f 273/958/840 272/959/841 271/960/842
f 273/961/843 274/962/844 272/963/845
f 275/964/846 274/965/847 273/966/848
f 275/967/849 276/968/850 274/969/851
f 277/970/852 276/971/853 275/972/854
f 277/973/855 278/974/856 276/975/857
f 279/976/858 278/977/859 277/978/860
f 279/979/861 280/980/862 278/981/863
f 281/982/864 280/983/865 279/984/866
f 281/985/867 282/986/868 280/987/869
f 283/988/870 282/989/871 281/990/872
f 283/991/873 284/992/874 282/993/875
f 285/994/876 284/995/877 283/996/878
f 285/997/879 286/998/880 284/999/881
f 287/1000/882 286/1001/883 285/1002/884
f 287/1003/885 288/1004/886 286/1005/887
f 289/1006/888 288/1007/889 287/1008/890
f 289/1009/891 290/1010/892 288/1011/893
f 291/1012/894 290/1013/895 289/1014/896
f 291/1015/897 292/1016/898 290/1017/899
f 293/1018/900 292/1019/901 291/1020/902
f 293/1021/903 294/1022/904 292/1023/905
f 259/1024/906 294/1025/907 293/1026/908
f 259/1027/909 295/1028/910 294/1029/911
f 258/1030/912 295/1031/913 259/1032/914
f 261/1033/915 231/1034/916 263/1035/917
f 263/1035/917 231/1034/916 233/1036/918
f 263/1035/917 233/1036/918 265/1037/919
f 265/1037/919 233/1036/918 234/1038/920
f 265/1037/919 234/1038/920 267/1039/921
f 267/1039/921 234/1038/920 235/1040/922
f 267/1039/921 235/1040/922 269/1041/923
f 269/1041/923 235/1040/922 236/1042/924
f 269/1041/923 236/1042/924 271/1043/925
f 271/1043/925 236/1042/924 237/1044/926
f 271/1043/925 237/1044/926 273/1045/927
f 273/1045/927 237/1044/926 238/1046/928
f 273/1045/927 238/1046/928 275/1047/929
f 275/1047/929 238/1046/928 239/1048/930
f 275/1047/929 239/1048/930 277/1049/931
f 277/1049/931 239/1048/930 279/1050/932
f 279/1050/932 239/1048/930 240/1051/933
f 279/1050/932 240/1051/933 281/1052/934
f 281/1052/934 240/1051/933 241/1053/935
f 281/1052/934 241/1053/935 283/1054/936
f 283/1054/936 241/1053/935 242/1055/937
f 283/1054/936 242/1055/937 285/1056/938
f 285/1056/938 242/1055/937 243/1057/939
f 285/1056/938 243/1057/939 287/1058/940
f 287/1058/940 243/1057/939 244/1059/941
f 287/1058/940 244/1059/941 289/1060/942
f 289/1060/942 244/1059/941 245/1061/943
f 289/1060/942 245/1061/943 291/1062/944
f 291/1062/944 245/1061/943 246/1063/945
f 291/1062/944 246/1063/945 293/1064/946
f 293/1064/946 246/1063/945 247/1065/947
f 293/1064/946 247/1065/947 259/1066/948
f 259/1066/948 247/1065/947 257/1067/949
f 257/1067/949 247/1065/947 232/1068/950
f 257/1067/949 232/1068/950 261/1033/915
f 261/1033/915 232/1068/950 231/1034/916
f 192/1069/951 292/1070/952 294/1071/953
f 191/1072/954 292/1073/952 192/1074/951
f 191/1075/955 290/1076/956 292/1077/957
f 190/1078/958 290/1079/956 191/1080/955
f 190/1081/959 288/1082/960 290/1083/961
f 189/1084/962 288/1085/960 190/1086/959
f 189/1087/963 286/1088/964 288/1089/965
f 188/1090/966 286/1091/964 189/1092/963
f 188/1093/967 284/1094/968 286/1095/969
f 187/1096/970 284/1097/968 188/1098/967
f 187/1099/971 282/1100/972 284/1101/973
f 186/1102/974 282/1103/972 187/1104/971
f 186/1105/975 280/1106/976 282/1107/977
f 185/1108/978 280/1109/976 186/1110/975
f 185/1111/979 278/1112/980 280/1113/981
f 184/1114/982 278/1115/980 185/1116/979
f 276/1117/983 278/1118/984 183/1119/985
f 183/1119/985 278/1118/984 184/1120/986
f 274/1121/987 276/1122/988 182/1123/989
f 182/1123/989 276/1122/988 183/1124/990
f 182/1125/991 272/1126/992 274/1127/993
f 181/1128/994 272/1129/992 182/1130/991
f 181/1131/995 270/1132/996 272/1133/997
f 180/1134/998 270/1135/996 181/1136/995
f 180/1137/999 268/1138/1000 270/1139/1001
f 179/1140/1002 268/1141/1000 180/1142/999
f 179/1143/1003 266/1144/1004 268/1145/1005
f 178/1146/1006 266/1147/1004 179/1148/1003
f 178/1149/1007 264/1150/1008 266/1151/1009
f 177/1152/1010 264/1153/1008 178/1154/1007
f 177/1155/1011 262/1156/1012 264/1157/1013
f 176/1158/1014 262/1159/1012 177/1160/1011
f 176/1161/1015 260/1162/1016 262/1163/1017
f 175/1164/1018 260/1165/1016 176/1166/1015
f 175/1167/1019 258/1168/1020 260/1169/1021
f 174/1170/1022 258/1171/1020 175/1172/1019
f 174/1173/1023 295/1174/1024 258/1175/1025
f 173/1176/1026 295/1177/1024 174/1178/1023
f 173/1179/1027 294/1180/1028 295/1181/1029
f 192/1182/1030 294/1183/1028 173/1184/1027
f 123/1185/1031 122/1186/1032 85/1187/1033
f 85/1187/1033 122/1186/1032 118/1188/1034
f 85/1187/1033 118/1188/1034 86/1189/1035
f 93/1190/1036 95/1191/1037 94/1192/1038
f 94/1192/1038 95/1191/1037 96/1193/1039
f 94/1192/1038 96/1193/1039 98/1194/1040
f 111/1195/1041 121/1196/1042 230/1197/1043
f 230/1197/1043 121/1196/1042 124/1198/1044
f 230/1197/1043 124/1198/1044 229/1199/1045
f 229/1199/1045 124/1198/1044 99/1200/1046
f 229/1199/1045 99/1200/1046 256/1201/1047
f 256/1201/1047 99/1200/1046 255/1202/1048
f 255/1202/1048 99/1200/1046 97/1203/1049
f 255/1202/1048 97/1203/1049 100/1204/1050
f 256/1201/1047 102/1205/1051 229/1199/1045
f 229/1199/1045 102/1205/1051 109/1206/1052
f 254/1207/1053 101/1208/1054 256/1209/1055
f 256/1209/1055 101/1208/1054 102/1210/1056
f 254/1211/1057 103/1212/1058 101/1213/1059
f 252/1214/1060 103/1215/1058 254/1216/1057
f 252/1217/1061 104/1218/1062 103/1219/1063
f 248/1220/1064 104/1221/1062 252/1222/1061
f 248/1223/1065 105/1224/1066 104/1225/1067
f 250/1226/1068 105/1227/1066 248/1228/1065
f 250/1229/1069 106/1230/1070 105/1231/1071
f 249/1232/1072 106/1233/1070 250/1234/1069
f 249/1235/1073 107/1236/1074 106/1237/1075
f 251/1238/1076 107/1239/1074 249/1240/1073
f 251/1241/1077 108/1242/1078 107/1243/1079
f 253/1244/1080 108/1245/1078 251/1246/1077
f 253/1247/1081 100/1248/1082 108/1249/1083
f 255/1250/1084 100/1251/1082 253/1252/1081
f 230/1253/1085 110/1254/1086 111/1255/1087
f 228/1256/1088 110/1257/1086 230/1258/1085
f 228/1259/1089 112/1260/1090 110/1261/1091
f 226/1262/1092 112/1263/1090 228/1264/1089
f 226/1265/1093 113/1266/1094 112/1267/1095
f 222/1268/1096 113/1269/1094 226/1270/1093
f 222/1271/1097 114/1272/1098 113/1273/1099
f 224/1274/1100 114/1275/1098 222/1276/1097
f 224/1277/1101 115/1278/1102 114/1279/1103
f 223/1280/1104 115/1281/1102 224/1282/1101
f 223/1283/1105 116/1284/1106 115/1285/1107
f 225/1286/1108 116/1287/1106 223/1288/1105
f 225/1289/1109 117/1290/1110 116/1291/1111
f 227/1292/1112 117/1293/1110 225/1294/1109
f 229/1295/1113 109/1296/1114 227/1297/1115
f 227/1297/1115 109/1296/1114 117/1298/1116
f 77/1299/1117 296/1300/1118 74/1301/1119
f 74/1301/1119 296/1300/1118 297/1302/1120
f 298/1303/1121 75/1304/1122 297/1305/1123
f 297/1305/1123 75/1304/1122 74/1306/1124
f 76/1307/1125 299/1308/1126 77/1309/1127
f 77/1309/1127 299/1308/1126 296/1310/1128
f 296/1311/1129 85/1312/1130 297/1313/1131
f 297/1313/1131 85/1312/1130 94/1314/1132
f 297/1313/1131 94/1314/1132 298/1315/1133
f 296/1311/1129 299/1316/1134 85/1312/1130
f 94/1317/1135 98/1318/1136 298/1319/1137
f 298/1319/1137 98/1318/1136 75/1320/1138
f 75/1320/1138 98/1318/1136 99/1321/1139
f 75/1320/1138 99/1321/1139 124/1322/1140
f 75/1320/1138 124/1322/1140 76/1323/1141
f 76/1323/1141 124/1322/1140 123/1324/1142
f 76/1323/1141 123/1324/1142 299/1325/1143
f 299/1325/1143 123/1324/1142 85/1326/1144
g 솔리드1

v 1433.753510 40.995712 476.171570
v 1433.753510 40.995712 434.000015
v 1432.753601 39.995713 432.999992
v 1433.753510 -29.004288 434.000015
v 1433.753510 -29.004288 476.171570
v 1432.753601 -28.004289 432.999992
v 1450.753479 -27.004290 496.000023
v 1433.167725 -27.004290 478.414230
v 1450.753479 -29.004288 493.171577
v 1450.753479 38.995714 496.000023
v 1433.167725 38.995714 478.414230
v 1431.753540 38.995714 475.000000
v 1431.753540 -27.004290 475.000000
v 1431.753540 38.995714 434.000015
v 1431.753540 -27.004290 434.000015
v 1450.753479 40.995712 493.171577
v 1619.753571 30.995712 437.999992
v 1530.154114 30.995712 434.000015
v 1530.154114 30.995712 437.999992
v 1619.753571 30.995712 434.000015
v 1496.197510 -33.955050 432.000008
v 1490.154877 -34.145894 432.000008
v 1484.140930 -33.528075 432.000008
v 1478.263245 -32.112660 432.000008
v 1472.627258 -29.924998 432.000008
v 1467.333832 -27.004290 432.000008
v 1433.753510 -27.004290 432.000008
v 1433.753510 38.995714 432.000008
v 1467.333832 38.995714 432.000008
v 1472.627258 41.916428 432.000008
v 1478.263245 44.104085 432.000008
v 1484.140930 45.519505 432.000008
v 1490.154877 46.137319 432.000008
v 1496.197510 45.946474 432.000008
v 1502.160645 44.950376 432.000008
v 1507.937317 43.166876 432.000008
v 1513.423920 40.627923 432.000008
v 1518.522491 37.378998 432.000008
v 1523.141479 33.478303 432.000008
v 1527.198181 28.995714 432.000008
v 1619.753571 28.995714 432.000008
v 1619.753571 -17.004288 432.000008
v 1527.198181 -17.004288 432.000008
v 1523.141479 -21.486878 432.000008
v 1518.522491 -25.387568 432.000008
v 1513.423920 -28.636498 432.000008
v 1507.937317 -31.175451 432.000008
v 1502.160645 -32.958951 432.000008
v 1526.849670 32.511783 434.000015
v 1522.269592 36.964765 437.999992
v 1526.849670 32.511783 437.999992
v 1522.269592 36.964765 434.000015
v 1517.129822 40.758076 437.999992
v 1517.129822 40.758076 434.000015
v 1511.524658 43.822150 437.999992
v 1511.524658 43.822150 434.000015
v 1505.556793 46.100788 437.999992
v 1505.556793 46.100788 434.000015
v 1499.335938 47.552204 437.999992
v 1499.335938 47.552204 434.000015
v 1492.975922 48.149776 437.999992
v 1492.975922 48.149776 434.000015
v 1486.593628 47.882543 437.999992
v 1486.593628 47.882543 434.000015
v 1480.305786 46.755409 437.999992
v 1480.305786 46.755409 434.000015
v 1474.228058 44.789047 437.999992
v 1474.228058 44.789047 434.000015
v 1468.471680 42.019520 437.999992
v 1468.471680 42.019520 434.000015
v 1526.849670 -20.520358 437.999992
v 1522.269592 -24.973340 434.000015
v 1526.849670 -20.520358 434.000015
v 1522.269592 -24.973340 437.999992
v 1517.129822 -28.766651 434.000015
v 1517.129822 -28.766651 437.999992
v 1511.524658 -31.830726 434.000015
v 1511.524658 -31.830726 437.999992
v 1505.556793 -34.109364 434.000015
v 1505.556793 -34.109364 437.999992
v 1499.335938 -35.560780 434.000015
v 1499.335938 -35.560780 437.999992
v 1492.975922 -36.158352 434.000015
v 1492.975922 -36.158352 437.999992
v 1486.593628 -35.891118 434.000015
v 1486.593628 -35.891118 437.999992
v 1480.305786 -34.763985 434.000015
v 1480.305786 -34.763985 437.999992
v 1474.228058 -32.797623 434.000015
v 1474.228058 -32.797623 437.999992
v 1468.471680 -30.028090 434.000015
v 1468.471680 -30.028090 437.999992
v 1527.198181 -17.004288 440.000000
v 1530.154114 -19.004289 437.999992
v 1467.333832 -27.004290 440.000000
v 1464.753571 -29.004288 437.999992
v 1472.627258 -29.924998 440.000000
v 1478.263245 -32.112660 440.000000
v 1484.140930 -33.528075 440.000000
v 1490.154877 -34.145894 440.000000
v 1496.197510 -33.955050 440.000000
v 1502.160645 -32.958951 440.000000
v 1507.937317 -31.175451 440.000000
v 1513.423920 -28.636498 440.000000
v 1518.522491 -25.387568 440.000000
v 1523.141479 -21.486878 440.000000
v 1448.753510 -27.004290 440.000000
v 1446.753540 -29.004288 437.999992
v 1446.753540 -25.004287 442.000008
v 1530.154114 -19.004289 434.000015
v 1619.753571 -17.004288 440.000000
v 1619.753571 -19.004289 437.999992
v 1621.753540 -17.004288 437.999992
v 1619.753571 -11.004288 440.000000
v 1621.753540 -9.004288 437.999992
v 1617.753601 -9.004288 442.000008
v 1464.753571 -29.004288 434.000015
v 1621.753540 -17.004288 434.000015
v 1619.753571 -19.004289 434.000015
v 1621.753540 28.995714 434.000015
v 1450.753479 -29.004288 499.000015
v 1446.753540 -29.004288 464.000015
v 1461.753540 -29.004288 464.000015
v 1461.753540 -29.004288 477.000008
v 1461.753540 -29.004288 499.000015
v 1619.753571 28.995714 440.000000
v 1621.753540 28.995714 437.999992
v 1619.753571 22.995713 440.000000
v 1621.753540 20.995712 437.999992
v 1617.753601 20.995712 442.000008
v 1464.753571 40.995712 434.000015
v 1527.198181 28.995714 440.000000
v 1467.333832 38.995714 440.000000
v 1464.753571 40.995712 437.999992
v 1523.141479 33.478303 440.000000
v 1518.522491 37.378998 440.000000
v 1513.423920 40.627923 440.000000
v 1507.937317 43.166876 440.000000
v 1502.160645 44.950376 440.000000
v 1496.197510 45.946474 440.000000
v 1490.154877 46.137319 440.000000
v 1484.140930 45.519505 440.000000
v 1478.263245 44.104085 440.000000
v 1472.627258 41.916428 440.000000
v 1448.753510 38.995714 440.000000
v 1446.753540 40.995712 437.999992
v 1446.753540 36.995711 442.000008
v 1461.753540 15.995713 471.000023
v 1621.753540 15.995713 466.000023
v 1621.753540 15.995713 471.000023
v 1461.753540 15.995713 466.000023
v 1621.753540 13.995713 464.000015
v 1461.753540 13.995713 464.000015
v 1621.753540 -14.004288 471.000023
v 1461.753540 -4.004287 471.000023
v 1461.753540 -14.004288 471.000023
v 1621.753540 -4.004287 471.000023
v 1461.753540 -14.004288 464.000015
v 1461.753540 40.995712 464.000015
v 1461.753540 25.995712 471.000023
v 1461.753540 25.995712 464.000015
v 1461.753540 40.995712 477.000008
v 1461.753540 -4.004287 466.000023
v 1461.753540 -2.004287 464.000015
v 1621.753540 -4.004287 466.000023
v 1621.753540 -2.004287 464.000015
v 1450.753479 40.995712 499.000015
v 1461.753540 40.995712 499.000015
v 1446.753540 40.995712 464.000015
v 1448.753510 -11.004288 440.000000
v 1446.753540 -9.004288 442.000008
v 1621.753540 25.995712 471.000023
v 1446.753540 20.995712 442.000008
v 1448.753510 22.995713 440.000000
v 1446.753540 20.995712 464.000015
v 1621.753540 20.995712 464.000015
v 1446.753540 -9.004288 464.000015
v 1621.753540 -9.004288 464.000015
v 1621.753540 -14.004288 464.000015
v 1621.753540 25.995712 464.000015
v 1468.753510 -33.004289 477.000008
v 1468.753510 44.995713 501.000023
v 1468.753510 -33.004289 501.000023
v 1468.753510 44.995713 477.000008
v 1461.753540 44.995713 501.000023
v 1461.753540 44.995713 477.000008
v 1461.753540 -33.004289 501.000023
v 1461.753540 -33.004289 477.000008
vt 4.217155 0.000000 0.000000
vt 0.000000 0.000000 0.000000
vt -0.100002 -0.141415 0.000000
vt 0.100002 -0.141415 0.000000
vt 4.317158 -0.141415 0.000000
vt 0.000000 0.000000 0.000000
vt 0.200002 0.282843 0.000000
vt -2.287002 0.282843 0.000000
vt 0.000000 0.000000 0.000000
vt -2.487004 0.000000 0.000000
vt 0.000000 0.000000 0.000000
vt -2.487004 6.600000 0.000000
vt 0.000000 6.600000 0.000000
vt 0.369552 6.600000 0.000000
vt 0.000000 6.600000 0.000000
vt 0.369552 0.000000 0.000000
vt 0.000000 0.000000 0.000000
vt 0.000000 0.000000 0.000000
vt -4.099998 0.000000 0.000000
vt 0.000000 -6.600000 0.000000
vt -4.099998 -6.600000 0.000000
vt 4.099998 0.000000 0.000000
vt 0.000000 0.000000 0.000000
vt -0.100002 -0.141426 0.000000
vt -0.184773 -0.244097 0.000000
vt 0.184779 -0.244097 0.000000
vt 0.000000 0.000000 0.000000
vt 0.117159 -0.282843 0.000000
vt 2.404161 0.000000 0.000000
vt 0.000000 0.000000 0.000000
vt 2.487004 0.000000 0.000000
vt 2.287002 0.282843 0.000000
vt 0.000000 0.000000 0.000000
vt -4.317158 -0.141420 0.000000
vt -0.117157 -0.282841 0.000000
vt 0.000000 0.000000 0.000000
vt 0.100002 -0.141426 0.000000
vt 4.200001 -0.141426 0.000000
vt 0.000000 0.000000 0.000000
vt -0.369552 0.000000 0.000000
vt -0.184779 -0.244097 0.000000
vt 0.000000 0.000000 0.000000
vt 2.404161 0.000000 0.000000
vt 0.117159 0.282843 0.000000
vt 0.000000 0.000000 0.000000
vt -4.200001 -0.141420 0.000000
vt 0.117157 -0.282841 0.000000
vt 0.000000 0.000000 0.000000
vt 0.000000 8.959946 0.000000
vt -0.399998 0.000000 0.000000
vt 0.000000 0.000000 0.000000
vt -0.399998 0.000000 0.000000
vt -0.399998 -8.959946 0.000000
vt 0.000000 0.000000 0.000000
vt -2.282104 -0.714160 0.000000
vt -1.680710 -0.652379 0.000000
vt -2.886368 -0.695076 0.000000
vt -3.482681 -0.595466 0.000000
vt -1.092941 -0.510837 0.000000
vt -4.060349 -0.417116 0.000000
vt -0.529343 -0.292071 0.000000
vt -4.609009 -0.163221 0.000000
vt 0.000000 0.000000 0.000000
vt -5.118866 0.161672 0.000000
vt -5.580765 0.551741 0.000000
vt -5.986435 1.000000 0.000000
vt 0.000000 6.600000 0.000000
vt -5.986435 5.600000 0.000000
vt -5.580765 6.048259 0.000000
vt -5.118866 6.438329 0.000000
vt -4.609009 6.763221 0.000000
vt -0.529343 6.892072 0.000000
vt -4.060349 7.017117 0.000000
vt -1.092941 7.110837 0.000000
vt -3.482681 7.195467 0.000000
vt -1.680710 7.252379 0.000000
vt -2.886368 7.295076 0.000000
vt -2.282104 7.314161 0.000000
vt 3.358032 0.000000 0.000000
vt 3.358032 6.600000 0.000000
vt -15.241974 5.600000 0.000000
vt -15.241974 1.000000 0.000000
vt 0.399998 0.000000 0.000000
vt 0.000000 0.638797 0.000000
vt 0.000000 0.000000 0.000000
vt 0.000000 0.638797 0.000000
vt -0.399998 0.638797 0.000000
vt 0.000000 0.000000 0.000000
vt 0.399998 0.000000 0.000000
vt 0.000000 0.638799 0.000000
vt 0.000000 0.000000 0.000000
vt 0.000000 0.638799 0.000000
vt -0.399998 0.638799 0.000000
vt 0.000000 0.000000 0.000000
vt -0.399998 0.000000 0.000000
vt 0.000000 -0.638799 0.000000
vt 0.000000 0.000000 0.000000
vt 0.000000 -0.638799 0.000000
vt 0.399998 -0.638799 0.000000
vt 0.000000 0.000000 0.000000
vt -0.399998 0.000000 0.000000
vt 0.000000 -0.638808 0.000000
vt 0.000000 0.000000 0.000000
vt 0.000000 -0.638808 0.000000
vt 0.399998 -0.638808 0.000000
vt 0.000000 0.000000 0.000000
vt -0.399998 0.000000 0.000000
vt 0.000000 -0.638793 0.000000
vt 0.000000 0.000000 0.000000
vt 0.000000 -0.638793 0.000000
vt 0.399998 -0.638793 0.000000
vt 0.000000 0.000000 0.000000
vt -0.399998 0.000000 0.000000
vt 0.000000 -0.638803 0.000000
vt 0.000000 0.000000 0.000000
vt 0.000000 -0.638803 0.000000
vt 0.399998 -0.638803 0.000000
vt 0.000000 0.000000 0.000000
vt -0.399998 0.000000 0.000000
vt 0.000000 -0.638789 0.000000
vt 0.000000 0.000000 0.000000
vt 0.000000 -0.638789 0.000000
vt 0.399998 -0.638789 0.000000
vt 0.000000 0.000000 0.000000
vt -0.399998 0.000000 0.000000
vt 0.000000 -0.638807 0.000000
vt 0.000000 0.000000 0.000000
vt 0.000000 -0.638807 0.000000
vt 0.399998 -0.638807 0.000000
vt 0.000000 0.000000 0.000000
vt -0.399998 0.000000 0.000000
vt 0.000000 -0.638791 0.000000
vt 0.000000 0.000000 0.000000
vt 0.000000 -0.638791 0.000000
vt 0.399998 -0.638791 0.000000
vt 0.000000 0.000000 0.000000
vt -0.399998 0.000000 0.000000
vt 0.000000 -0.638797 0.000000
vt 0.000000 0.000000 0.000000
vt 0.000000 -0.638797 0.000000
vt 0.399998 -0.638797 0.000000
vt 0.000000 0.000000 0.000000
vt -0.399998 0.000000 0.000000
vt -0.000000 -0.638797 0.000000
vt 0.000000 0.000000 0.000000
vt -0.000000 -0.638797 0.000000
vt 0.399998 -0.638797 0.000000
vt 0.000000 0.000000 0.000000
vt -0.399998 0.000000 0.000000
vt -0.000000 -0.638799 0.000000
vt 0.000000 0.000000 0.000000
vt -0.000000 -0.638799 0.000000
vt 0.399998 -0.638799 0.000000
vt 0.000000 0.000000 0.000000
vt -0.399998 0.000000 0.000000
vt -0.000000 -0.638799 0.000000
vt 0.000000 0.000000 0.000000
vt -0.000000 -0.638799 0.000000
vt 0.399998 -0.638799 0.000000
vt 0.000000 0.000000 0.000000
vt -0.399998 0.000000 0.000000
vt -0.000000 -0.638808 0.000000
vt 0.000000 0.000000 0.000000
vt -0.000000 -0.638808 0.000000
vt 0.399998 -0.638808 0.000000
vt 0.000000 0.000000 0.000000
vt -0.399998 0.000000 0.000000
vt -0.000000 -0.638793 0.000000
vt 0.000000 0.000000 0.000000
vt -0.000000 -0.638793 0.000000
vt 0.399998 -0.638793 0.000000
vt 0.000000 0.000000 0.000000
vt -0.399998 0.000000 0.000000
vt -0.000000 -0.638803 0.000000
vt 0.000000 0.000000 0.000000
vt -0.000000 -0.638803 0.000000
vt 0.399998 -0.638803 0.000000
vt 0.000000 0.000000 0.000000
vt -0.399998 0.000000 0.000000
vt -0.000000 -0.638789 0.000000
vt 0.000000 0.000000 0.000000
vt -0.000000 -0.638789 0.000000
vt 0.399998 -0.638789 0.000000
vt 0.000000 0.000000 0.000000
vt -0.399998 0.000000 0.000000
vt -0.000000 -0.638807 0.000000
vt 0.000000 0.000000 0.000000
vt -0.000000 -0.638807 0.000000
vt 0.399998 -0.638807 0.000000
vt 0.000000 0.000000 0.000000
vt -0.399998 0.000000 0.000000
vt -0.000000 -0.638791 0.000000
vt 0.000000 0.000000 0.000000
vt -0.000000 -0.638791 0.000000
vt 0.399998 -0.638791 0.000000
vt 0.000000 0.000000 0.000000
vt -0.399998 0.000000 0.000000
vt -0.000000 -0.638797 0.000000
vt 0.000000 0.000000 0.000000
vt -0.000000 -0.638797 0.000000
vt 0.399998 -0.638797 0.000000
vt 0.000000 0.000000 0.000000
vt -0.337874 0.230688 0.000000
vt -0.318746 -0.174869 0.000000
vt 0.000000 0.000000 0.000000
vt -0.071684 0.373152 0.000000
vt -0.364366 0.126342 0.000000
vt 0.000000 0.000000 0.000000
vt 0.019682 -0.379465 0.000000
vt 0.480798 -0.366528 0.000000
vt 0.000000 0.000000 0.000000
vt 0.523421 -0.366186 0.000000
vt 0.461096 0.013631 0.000000
vt 0.000000 0.000000 0.000000
vt 0.086134 -0.375135 0.000000
vt 0.532809 -0.285686 0.000000
vt 0.000000 0.000000 0.000000
vt 0.577999 -0.271977 0.000000
vt 0.445582 0.094740 0.000000
vt 0.000000 0.000000 0.000000
vt 0.155819 -0.357401 0.000000
vt 0.573674 -0.190799 0.000000
vt 0.000000 0.000000 0.000000
vt 0.618138 -0.161182 0.000000
vt 0.413669 0.176738 0.000000
vt 0.000000 0.000000 0.000000
vt 0.224743 -0.324789 0.000000
vt 0.598566 -0.084916 0.000000
vt 0.000000 0.000000 0.000000
vt 0.637607 -0.038841 0.000000
vt 0.364610 0.253659 0.000000
vt 0.000000 0.000000 0.000000
vt 0.287986 -0.277754 0.000000
vt 0.603991 0.026340 0.000000
vt 0.000000 0.000000 0.000000
vt 0.632916 0.086527 0.000000
vt 0.300917 0.319031 0.000000
vt 0.000000 0.000000 0.000000
vt 0.341043 -0.219022 0.000000
vt 0.589111 0.135868 0.000000
vt 0.000000 0.000000 0.000000
vt 0.604882 0.205362 0.000000
vt 0.227950 0.368136 0.000000
vt 0.000000 0.000000 0.000000
vt 0.381039 -0.152913 0.000000
vt 0.556156 0.237063 0.000000
vt 0.000000 0.000000 0.000000
vt 0.558401 0.310266 0.000000
vt 0.152170 0.399490 0.000000
vt 0.000000 0.000000 0.000000
vt 0.407343 -0.084002 0.000000
vt 0.509465 0.325478 0.000000
vt 0.000000 0.000000 0.000000
vt 0.499913 0.397682 0.000000
vt 0.078936 0.414575 0.000000
vt 0.000000 0.000000 0.000000
vt 0.421012 -0.015997 0.000000
vt 0.453925 0.399327 0.000000
vt 0.000000 0.000000 0.000000
vt 0.435307 0.467517 0.000000
vt 0.011612 0.416465 0.000000
vt 0.000000 0.000000 0.000000
vt 0.423968 0.048732 0.000000
vt 0.393598 0.458895 0.000000
vt 0.000000 0.000000 0.000000
vt 0.368712 0.521645 0.000000
vt -0.048456 0.408422 0.000000
vt 0.000000 0.000000 0.000000
vt -0.086860 0.396608 0.000000
vt -0.418286 -0.109022 0.000000
vt 0.000000 0.000000 0.000000
vt -1.858032 0.000000 0.000000
vt -0.258026 -0.282843 0.000000
vt 0.000000 0.000000 0.000000
vt -1.600006 0.282843 0.000000
vt -1.800003 0.000000 0.000000
vt 0.000000 0.000000 0.000000
vt -0.199997 0.282844 0.000000
vt -0.199997 -0.282843 0.000000
vt 0.000000 0.000000 0.000000
vt -0.337874 -0.230688 0.000000
vt -0.019128 -0.405557 0.000000
vt 0.000000 0.000000 0.000000
vt -0.399998 0.000000 0.000000
vt -0.000000 -0.363563 0.000000
vt 0.000000 0.000000 0.000000
vt -0.000000 -0.363563 0.000000
vt 0.399998 -0.363563 0.000000
vt 0.000000 0.000000 0.000000
vt -0.282841 0.000000 0.000000
vt -0.141418 -0.244949 0.000000
vt 0.000000 0.000000 0.000000
vt 0.282841 0.000000 0.000000
vt 0.000000 0.600000 0.000000
vt 0.000000 0.000000 0.000000
vt 0.000000 0.800000 0.000000
vt -0.282841 0.600000 0.000000
vt 0.000000 0.000000 0.000000
vt -0.565682 0.000000 0.000000
vt -0.282841 -0.200000 0.000000
vt 0.000000 0.000000 0.000000
vt 0.295593 -0.282843 0.000000
vt 9.255539 0.000000 0.000000
vt 0.000000 0.000000 0.000000
vt 8.959946 0.000000 0.000000
vt 8.959946 0.282843 0.000000
vt 0.000000 0.000000 0.000000
vt -0.071684 -0.373152 0.000000
vt 0.292682 -0.246810 0.000000
vt 0.000000 0.000000 0.000000
vt -0.480798 -0.366528 0.000000
vt -0.019682 -0.379465 0.000000
vt 0.000000 0.000000 0.000000
vt -0.461096 0.013631 0.000000
vt -0.523421 -0.366186 0.000000
vt 0.000000 0.000000 0.000000
vt -0.532809 -0.285686 0.000000
vt -0.086134 -0.375135 0.000000
vt 0.000000 0.000000 0.000000
vt -0.445582 0.094740 0.000000
vt -0.577999 -0.271977 0.000000
vt 0.000000 0.000000 0.000000
vt -0.573674 -0.190799 0.000000
vt -0.155819 -0.357401 0.000000
vt 0.000000 0.000000 0.000000
vt -0.413669 0.176738 0.000000
vt -0.618138 -0.161182 0.000000
vt 0.000000 0.000000 0.000000
vt -0.598566 -0.084916 0.000000
vt -0.224743 -0.324789 0.000000
vt 0.000000 0.000000 0.000000
vt -0.364610 0.253659 0.000000
vt -0.637607 -0.038841 0.000000
vt 0.000000 0.000000 0.000000
vt -0.603991 0.026340 0.000000
vt -0.287986 -0.277754 0.000000
vt 0.000000 0.000000 0.000000
vt -0.300917 0.319031 0.000000
vt -0.632916 0.086527 0.000000
vt 0.000000 0.000000 0.000000
vt -0.589111 0.135868 0.000000
vt -0.341043 -0.219022 0.000000
vt 0.000000 0.000000 0.000000
vt -0.227950 0.368136 0.000000
vt -0.604882 0.205362 0.000000
vt 0.000000 0.000000 0.000000
vt -0.556156 0.237063 0.000000
vt -0.381039 -0.152913 0.000000
vt 0.000000 0.000000 0.000000
vt -0.152170 0.399490 0.000000
vt -0.558401 0.310266 0.000000
vt 0.000000 0.000000 0.000000
vt -0.509465 0.325478 0.000000
vt -0.407343 -0.084002 0.000000
vt 0.000000 0.000000 0.000000
vt -0.078936 0.414575 0.000000
vt -0.499913 0.397682 0.000000
vt 0.000000 0.000000 0.000000
vt -0.453925 0.399327 0.000000
vt -0.421012 -0.015997 0.000000
vt 0.000000 0.000000 0.000000
vt -0.011612 0.416465 0.000000
vt -0.435307 0.467517 0.000000
vt 0.000000 0.000000 0.000000
vt -0.393598 0.458895 0.000000
vt -0.423968 0.048732 0.000000
vt 0.000000 0.000000 0.000000
vt 0.048456 0.408422 0.000000
vt -0.368712 0.521645 0.000000
vt 0.000000 0.000000 0.000000
vt -0.331426 0.505630 0.000000
vt -0.418286 0.109022 0.000000
vt 0.000000 0.000000 0.000000
vt -0.399998 0.000000 0.000000
vt -0.000000 -0.385649 0.000000
vt 0.000000 0.000000 0.000000
vt -0.000000 -0.385649 0.000000
vt 0.399998 -0.385649 0.000000
vt 0.000000 0.000000 0.000000
vt -0.282841 0.000000 0.000000
vt -0.141423 -0.244949 0.000000
vt 0.000000 0.000000 0.000000
vt -9.255539 0.000000 0.000000
vt -0.295593 -0.282843 0.000000
vt 0.000000 0.000000 0.000000
vt -0.000000 -0.282843 0.000000
vt 8.959946 -0.282843 0.000000
vt 0.000000 0.000000 0.000000
vt -0.399998 0.000000 0.000000
vt -0.000000 -0.282841 0.000000
vt 0.000000 0.000000 0.000000
vt -0.000000 -0.282841 0.000000
vt 0.399998 -0.282841 0.000000
vt 0.000000 0.000000 0.000000
vt -3.358032 0.000000 0.000000
vt 0.099991 -0.141420 0.000000
vt 0.000000 0.000000 0.000000
vt 0.258026 -0.282843 0.000000
vt 3.458023 -0.141422 0.000000
vt 0.000000 0.000000 0.000000
vt 3.100006 0.000000 0.000000
vt 3.199997 0.141423 0.000000
vt 0.000000 0.000000 0.000000
vt -0.141423 0.244948 0.000000
vt -0.282841 0.000000 0.000000
vt 0.000000 0.000000 0.000000
vt 0.282841 0.000000 0.000000
vt 0.000000 4.600000 0.000000
vt 0.000000 0.000000 0.000000
vt 0.000000 4.600000 0.000000
vt -0.282841 4.600000 0.000000
vt 0.000000 0.000000 0.000000
vt -3.500000 0.399994 0.000000
vt -2.917156 0.399994 0.000000
vt -3.500000 1.500000 0.000000
vt -1.299999 1.500000 0.000000
vt 0.000000 0.000000 0.000000
vt 0.000000 1.500000 0.000000
vt -1.217155 -1.300003 0.000000
vt 3.000000 -1.300003 0.000000
vt 2.600002 0.000000 0.000000
vt 3.000000 1.800003 0.000000
vt 2.600002 1.800003 0.000000
vt -0.141423 -0.244948 0.000000
vt 0.141418 -0.244948 0.000000
vt 0.000000 0.000000 0.000000
vt 0.000000 -0.600000 0.000000
vt 0.282841 0.000000 0.000000
vt 0.000000 0.000000 0.000000
vt -0.282841 -0.600000 0.000000
vt 0.000000 -0.800000 0.000000
vt 0.000000 0.000000 0.000000
vt -0.282841 -0.200000 0.000000
vt 0.282841 -0.200000 0.000000
vt 0.000000 0.000000 0.000000
vt -0.399998 0.000000 0.000000
vt 0.000000 -0.282840 0.000000
vt 0.000000 0.000000 0.000000
vt 0.000000 -0.282840 0.000000
vt 0.399998 -0.282840 0.000000
vt 0.000000 0.000000 0.000000
vt -0.019128 0.405557 0.000000
vt -0.337874 0.230687 0.000000
vt 0.000000 0.000000 0.000000
vt -0.000000 -0.282843 0.000000
vt 8.959946 0.000000 0.000000
vt 0.000000 0.000000 0.000000
vt 9.255539 0.000000 0.000000
vt 8.959946 0.282843 0.000000
vt 0.000000 0.000000 0.000000
vt -0.364366 0.126343 0.000000
vt -0.292682 -0.246810 0.000000
vt 0.000000 0.000000 0.000000
vt 0.331426 0.505630 0.000000
vt -0.086860 0.396608 0.000000
vt 0.000000 0.000000 0.000000
vt 0.417168 0.113223 0.000000
vt 0.368712 0.521645 0.000000
vt 0.000000 0.000000 0.000000
vt 0.393598 0.458896 0.000000
vt -0.030370 0.410163 0.000000
vt 0.000000 0.000000 0.000000
vt 0.423695 0.051053 0.000000
vt 0.435307 0.467518 0.000000
vt 0.000000 0.000000 0.000000
vt 0.453925 0.399327 0.000000
vt 0.032913 0.415324 0.000000
vt 0.000000 0.000000 0.000000
vt 0.420977 -0.016892 0.000000
vt 0.499913 0.397682 0.000000
vt 0.000000 0.000000 0.000000
vt 0.509465 0.325478 0.000000
vt 0.102123 0.409480 0.000000
vt 0.000000 0.000000 0.000000
vt 0.406231 -0.089224 0.000000
vt 0.558401 0.310266 0.000000
vt 0.000000 0.000000 0.000000
vt 0.556156 0.237063 0.000000
vt 0.175117 0.389977 0.000000
vt 0.000000 0.000000 0.000000
vt 0.376932 -0.162773 0.000000
vt 0.604882 0.205362 0.000000
vt 0.000000 0.000000 0.000000
vt 0.589111 0.135868 0.000000
vt 0.248068 0.354891 0.000000
vt 0.000000 0.000000 0.000000
vt 0.331998 -0.232505 0.000000
vt 0.632916 0.086527 0.000000
vt 0.000000 0.000000 0.000000
vt 0.603991 0.026340 0.000000
vt 0.316005 0.304094 0.000000
vt 0.000000 0.000000 0.000000
vt 0.272996 -0.292500 0.000000
vt 0.637607 -0.038841 0.000000
vt 0.000000 0.000000 0.000000
vt 0.598566 -0.084916 0.000000
vt 0.373824 0.239873 0.000000
vt 0.000000 0.000000 0.000000
vt 0.204468 -0.337920 0.000000
vt 0.618138 -0.161183 0.000000
vt 0.000000 0.000000 0.000000
vt 0.573674 -0.190800 0.000000
vt 0.417854 0.166601 0.000000
vt 0.000000 0.000000 0.000000
vt 0.132416 -0.366717 0.000000
vt 0.577999 -0.271977 0.000000
vt 0.000000 0.000000 0.000000
vt 0.532809 -0.285686 0.000000
vt 0.446675 0.089449 0.000000
vt 0.000000 0.000000 0.000000
vt 0.062325 -0.379817 0.000000
vt 0.523421 -0.366186 0.000000
vt 0.000000 0.000000 0.000000
vt 0.480798 -0.366528 0.000000
vt 0.461116 0.012937 0.000000
vt 0.000000 0.000000 0.000000
vt -0.019128 -0.405557 0.000000
vt 0.318746 -0.174869 0.000000
vt 0.000000 0.000000 0.000000
vt -8.959946 0.000000 0.000000
vt 0.000000 -0.282843 0.000000
vt 0.000000 0.000000 0.000000
vt -0.295593 -0.282843 0.000000
vt 8.959946 -0.282843 0.000000
vt 0.000000 0.000000 0.000000
vt 0.399998 0.000000 0.000000
vt 0.000000 0.363563 0.000000
vt 0.000000 0.000000 0.000000
vt 0.000000 0.363563 0.000000
vt -0.399998 0.363563 0.000000
vt 0.000000 0.000000 0.000000
vt 0.292682 -0.246810 0.000000
vt 0.364366 0.126343 0.000000
vt 0.000000 0.000000 0.000000
vt 0.399998 0.000000 0.000000
vt 0.000000 0.385649 0.000000
vt 0.000000 0.000000 0.000000
vt 0.000000 0.385649 0.000000
vt -0.399998 0.385649 0.000000
vt 0.000000 0.000000 0.000000
vt 0.086860 0.396608 0.000000
vt -0.331426 0.505630 0.000000
vt 0.000000 0.000000 0.000000
vt -0.368712 0.521645 0.000000
vt -0.417168 0.113223 0.000000
vt 0.000000 0.000000 0.000000
vt 0.030370 0.410163 0.000000
vt -0.393598 0.458896 0.000000
vt 0.000000 0.000000 0.000000
vt -0.435307 0.467518 0.000000
vt -0.423695 0.051053 0.000000
vt 0.000000 0.000000 0.000000
vt -0.032913 0.415324 0.000000
vt -0.453925 0.399327 0.000000
vt 0.000000 0.000000 0.000000
vt -0.499913 0.397682 0.000000
vt -0.420977 -0.016892 0.000000
vt 0.000000 0.000000 0.000000
vt -0.102123 0.409480 0.000000
vt -0.509465 0.325478 0.000000
vt 0.000000 0.000000 0.000000
vt -0.558401 0.310266 0.000000
vt -0.406231 -0.089224 0.000000
vt 0.000000 0.000000 0.000000
vt -0.175117 0.389977 0.000000
vt -0.556156 0.237063 0.000000
vt 0.000000 0.000000 0.000000
vt -0.604882 0.205362 0.000000
vt -0.376932 -0.162773 0.000000
vt 0.000000 0.000000 0.000000
vt -0.248068 0.354891 0.000000
vt -0.589111 0.135868 0.000000
vt 0.000000 0.000000 0.000000
vt -0.632916 0.086527 0.000000
vt -0.331998 -0.232505 0.000000
vt 0.000000 0.000000 0.000000
vt -0.316005 0.304094 0.000000
vt -0.603991 0.026340 0.000000
vt 0.000000 0.000000 0.000000
vt -0.637607 -0.038841 0.000000
vt -0.272996 -0.292500 0.000000
vt 0.000000 0.000000 0.000000
vt -0.373824 0.239873 0.000000
vt -0.598566 -0.084916 0.000000
vt 0.000000 0.000000 0.000000
vt -0.618138 -0.161183 0.000000
vt -0.204468 -0.337920 0.000000
vt 0.000000 0.000000 0.000000
vt -0.417854 0.166601 0.000000
vt -0.573674 -0.190800 0.000000
vt 0.000000 0.000000 0.000000
vt -0.577999 -0.271977 0.000000
vt -0.132416 -0.366717 0.000000
vt 0.000000 0.000000 0.000000
vt -0.446675 0.089449 0.000000
vt -0.532809 -0.285686 0.000000
vt 0.000000 0.000000 0.000000
vt -0.523421 -0.366186 0.000000
vt -0.062325 -0.379817 0.000000
vt 0.000000 0.000000 0.000000
vt -0.019682 -0.379465 0.000000
vt 0.461116 -0.012937 0.000000
vt 0.000000 0.000000 0.000000
vt 0.000000 0.000000 0.000000
vt -0.258026 0.282843 0.000000
vt -1.858032 0.000000 0.000000
vt -2.058029 0.282843 0.000000
vt 0.000000 -0.565687 0.000000
vt 0.199997 -0.282843 0.000000
vt 0.000000 0.000000 0.000000
vt 0.000000 -16.000000 0.000000
vt 0.500000 0.000000 0.000000
vt 0.000000 0.000000 0.000000
vt 0.500000 0.000000 0.000000
vt 0.500000 16.000000 0.000000
vt 0.000000 0.000000 0.000000
vt -16.000000 0.000000 0.000000
vt 0.000000 -0.282843 0.000000
vt 0.000000 0.000000 0.000000
vt 0.000000 -0.282843 0.000000
vt 16.000000 -0.282843 0.000000
vt 0.000000 0.000000 0.000000
vt 16.000000 0.000000 0.000000
vt 0.000000 1.000000 0.000000
vt 0.000000 0.000000 0.000000
vt 0.000000 1.000000 0.000000
vt -16.000000 1.000000 0.000000
vt 0.000000 0.000000 0.000000
vt -0.700001 0.000000 0.000000
vt 0.000000 -1.500000 0.000000
vt 0.000000 0.000000 0.000000
vt -0.700001 1.500000 0.000000
vt -1.299999 0.000000 0.000000
vt 0.000000 0.000000 0.000000
vt 0.000000 1.000000 0.000000
vt -0.599998 -1.500000 0.000000
vt 0.000000 0.000000 0.000000
vt 0.000000 1.500000 0.000000
vt -0.700001 0.000000 0.000000
vt 0.000000 0.000000 0.000000
vt -1.299999 0.000000 0.000000
vt -0.700001 -1.500000 0.000000
vt 0.000000 0.000000 0.000000
vt -0.599998 1.500000 0.000000
vt 0.000000 -1.000000 0.000000
vt 0.000000 0.000000 0.000000
vt 0.000000 -7.000000 0.000000
vt 0.599998 -2.500000 0.000000
vt 0.000000 0.000000 0.000000
vt 0.599998 2.500000 0.000000
vt 0.599998 4.500000 0.000000
vt 0.000000 0.000000 0.000000
vt 0.000000 -2.000000 0.000000
vt 0.500000 0.000000 0.000000
vt 0.000000 0.000000 0.000000
vt 0.500000 0.000000 0.000000
vt 0.500000 2.000000 0.000000
vt 0.000000 0.000000 0.000000
vt 0.000000 -2.000000 0.000000
vt 0.200001 -0.200000 0.000000
vt 0.000000 0.000000 0.000000
vt 0.200001 0.200000 0.000000
vt 0.200001 1.800000 0.000000
vt 0.000000 0.000000 0.000000
vt -16.000000 0.000000 0.000000
vt 0.000000 -0.282843 0.000000
vt 0.000000 0.000000 0.000000
vt 0.000000 -0.282843 0.000000
vt 16.000000 -0.282843 0.000000
vt 0.000000 0.000000 0.000000
vt 0.000000 16.000000 0.000000
vt -0.500000 0.000000 0.000000
vt 0.000000 0.000000 0.000000
vt -0.500000 0.000000 0.000000
vt -0.500000 -16.000000 0.000000
vt 0.000000 0.000000 0.000000
vt 0.000000 -8.959946 0.000000
vt 0.399998 0.000000 0.000000
vt 0.000000 0.000000 0.000000
vt 0.399998 0.000000 0.000000
vt 0.399998 8.959946 0.000000
vt 0.000000 0.000000 0.000000
vt 3.500000 0.399994 0.000000
vt 3.500000 1.500000 0.000000
vt 2.917156 0.399994 0.000000
vt 1.299999 1.500000 0.000000
vt 0.000000 0.000000 0.000000
vt 0.000000 1.500000 0.000000
vt -2.600002 0.000000 0.000000
vt -3.000000 -1.300003 0.000000
vt 1.217155 -1.300003 0.000000
vt -2.600002 1.800003 0.000000
vt -3.000000 1.800003 0.000000
vt 0.000000 -6.600000 0.000000
vt 0.141414 0.100000 0.000000
vt 0.000000 0.000000 0.000000
vt 0.141414 -0.100000 0.000000
vt 0.141414 6.700000 0.000000
vt 0.000000 0.000000 0.000000
vt -0.141427 6.700000 0.000000
vt -0.141427 -0.100000 0.000000
vt 0.000000 6.600000 0.000000
vt 0.000000 0.000000 0.000000
vt 0.000000 1.600000 0.000000
vt -0.282841 0.200000 0.000000
vt 0.000000 0.000000 0.000000
vt -0.282841 0.200000 0.000000
vt -0.282841 -1.400000 0.000000
vt 0.000000 0.000000 0.000000
vt 0.199997 -0.282843 0.000000
vt 17.100006 0.000000 0.000000
vt 0.000000 0.000000 0.000000
vt 17.100006 0.000000 0.000000
vt 16.900009 0.282843 0.000000
vt 0.000000 0.000000 0.000000
vt -1.858032 1.600000 0.000000
vt -1.858032 0.000000 0.000000
vt 0.000000 0.000000 0.000000
vt 0.604263 0.019084 0.000000
vt -0.601395 0.061782 0.000000
vt 0.000000 0.000000 0.000000
vt 0.596313 0.099610 0.000000
vt -1.205658 0.042697 0.000000
vt 0.000000 0.000000 0.000000
vt 1.801971 0.056912 0.000000
vt -0.587769 0.141541 0.000000
vt 0.000000 0.000000 0.000000
vt 0.577667 0.178350 0.000000
vt -2.389740 0.084629 0.000000
vt 0.000000 0.000000 0.000000
vt 2.967407 0.093721 0.000000
vt -0.563599 0.218766 0.000000
vt 0.000000 0.000000 0.000000
vt 0.548660 0.253895 0.000000
vt -3.531006 0.125045 0.000000
vt 0.000000 0.000000 0.000000
vt 4.079666 0.128850 0.000000
vt -0.529343 0.292071 0.000000
vt 0.000000 0.000000 0.000000
vt 0.509857 0.324893 0.000000
vt -4.609009 0.163221 0.000000
vt 0.000000 0.000000 0.000000
vt 0.461899 0.390069 0.000000
vt -5.118866 -0.161672 0.000000
vt 0.000000 0.000000 0.000000
vt 5.580765 0.551741 0.000000
vt -1.858032 1.600000 0.000000
vt 0.000000 0.000000 0.000000
vt 0.405670 0.448259 0.000000
vt -7.438797 1.048259 0.000000
vt 0.000000 0.000000 0.000000
vt 7.844467 -0.600000 0.000000
vt 17.100006 0.000000 0.000000
vt 0.000000 0.000000 0.000000
vt 9.255539 0.000000 0.000000
vt 9.255539 0.600000 0.000000
vt 0.000000 0.000000 0.000000
vt -16.000000 0.000000 0.000000
vt 0.000000 -1.000000 0.000000
vt 0.000000 0.000000 0.000000
vt 0.000000 -1.000000 0.000000
vt 16.000000 -1.000000 0.000000
vt 0.000000 0.000000 0.000000
vt 0.000000 0.000000 0.000000
vt 0.282841 0.200000 0.000000
vt 0.000000 1.600000 0.000000
vt 0.282841 1.800000 0.000000
vt -0.199997 -0.282843 0.000000
vt 16.900009 -0.282843 0.000000
vt 0.000000 0.000000 0.000000
vt 17.100006 0.000000 0.000000
vt 2.282104 0.714160 0.000000
vt 1.680710 0.652379 0.000000
vt 2.886368 0.695076 0.000000
vt 3.482681 0.595466 0.000000
vt 1.092941 0.510837 0.000000
vt 4.060349 0.417116 0.000000
vt 0.529343 0.292071 0.000000
vt 4.609009 0.163221 0.000000
vt 0.000000 0.000000 0.000000
vt 5.118866 -0.161672 0.000000
vt 5.580765 -0.551741 0.000000
vt -1.858032 -1.600000 0.000000
vt 5.986435 -1.000000 0.000000
vt 15.241974 -1.600000 0.000000
vt 15.241974 -1.000000 0.000000
vt -1.858032 0.000000 0.000000
vt 0.400002 2.000000 0.000000
vt -2.200001 2.000000 0.000000
vt 0.000000 1.600000 0.000000
vt -2.200001 0.000000 0.000000
vt 0.000000 0.000000 0.000000
vt -2.200001 -17.500000 0.000000
vt 0.000000 -17.500000 0.000000
vt -2.200001 -0.399994 0.000000
vt 0.000000 0.000000 0.000000
vt -2.600002 0.000000 0.000000
vt 0.000000 17.100006 0.000000
vt -2.200001 0.000000 0.000000
vt 0.000000 0.000000 0.000000
vt 2.200001 17.100006 0.000000
vt 0.000000 17.500000 0.000000
vt 0.000000 0.000000 0.000000
vt 0.400002 0.399994 0.000000
vt -2.200001 0.399994 0.000000
vt 0.000000 0.000000 0.000000
vt -0.400002 0.400000 0.000000
vt -2.600002 0.000000 0.000000
vt 0.000000 0.000000 0.000000
vt 2.200001 0.400000 0.000000
vt 0.000000 2.000000 0.000000
vt 0.000000 0.000000 0.000000
vt 0.000000 1.600000 0.000000
vt -2.200001 1.600000 0.000000
vt 0.000000 0.000000 0.000000
vt -16.000000 0.000000 0.000000
vt 0.000000 -1.600000 0.000000
vt 0.000000 0.000000 0.000000
vt 0.000000 -1.600000 0.000000
vt 16.000000 -1.600000 0.000000
vt 0.000000 0.000000 0.000000
vt 0.000000 -16.000000 0.000000
vt 0.700001 0.000000 0.000000
vt 0.000000 0.000000 0.000000
vt 0.700001 0.000000 0.000000
vt 0.700001 16.000000 0.000000
vt 0.000000 0.000000 0.000000
vt 0.000000 16.000000 0.000000
vt -0.700001 0.000000 0.000000
vt 0.000000 0.000000 0.000000
vt -0.700001 0.000000 0.000000
vt -0.700001 -16.000000 0.000000
vt 0.000000 0.000000 0.000000
vt -17.500000 -2.000000 0.000000
vt 0.000000 -2.000000 0.000000
vt -1.500000 -1.500000 0.000000
vt 0.000000 0.000000 0.000000
vt -1.500000 0.000000 0.000000
vt -17.500000 -1.500000 0.000000
vt -1.500000 1.500000 0.000000
vt -1.500000 0.000000 0.000000
vt 0.000000 0.000000 0.000000
vt 16.000000 0.000000 0.000000
vt 0.000000 0.500000 0.000000
vt 0.000000 0.000000 0.000000
vt 16.000000 -0.500000 0.000000
vt 17.500000 0.000000 0.000000
vt 0.000000 0.000000 0.000000
vt 1.500000 -1.500000 0.000000
vt 1.500000 0.500000 0.000000
vt 0.000000 0.000000 0.000000
vt 0.099991 0.141420 0.000000
vt -3.358032 0.000000 0.000000
vt 0.000000 0.000000 0.000000
vt 3.458023 0.141422 0.000000
vt 0.258026 0.282843 0.000000
vt 0.000000 0.000000 0.000000
vt -0.099991 0.141423 0.000000
vt -3.199997 0.141423 0.000000
vt 0.000000 0.000000 0.000000
vt 0.000000 7.000000 0.000000
vt -0.299999 6.800000 0.000000
vt 0.000000 0.000000 0.000000
vt -0.299999 0.200000 0.000000
vt -0.582844 0.000000 0.000000
vt -0.582844 0.000000 0.000000
vt -0.299999 -0.200000 0.000000
vt 0.000000 0.000000 0.000000
vt 1.100006 0.000000 0.000000
vt 0.000000 7.000000 0.000000
vt 0.000000 0.000000 0.000000
vt 0.000000 7.000000 0.000000
vt -1.100006 7.000000 0.000000
vt 0.000000 0.000000 0.000000
vt -0.700001 1.800000 0.000000
vt -0.200001 1.800000 0.000000
vt -0.700001 2.800000 0.000000
vt 0.000000 2.300000 0.000000
vt 0.000000 2.800000 0.000000
vt 0.000000 1.600000 0.000000
vt 2.600002 2.300000 0.000000
vt 0.000000 0.000000 0.000000
vt 2.600002 -0.700000 0.000000
vt 0.000000 -0.700000 0.000000
vt -0.200001 -0.200000 0.000000
vt -0.700001 -1.200000 0.000000
vt -0.700001 -0.200000 0.000000
vt 0.000000 -1.200000 0.000000
vt 2.600002 -1.500000 0.000000
vt 3.000000 -1.500000 0.000000
vt 3.000000 3.100000 0.000000
vt 2.600002 3.100000 0.000000
vt 2.400002 0.000000 0.000000
vt 0.000000 7.800000 0.000000
vt 0.000000 0.000000 0.000000
vt 0.000000 7.800000 0.000000
vt -2.400002 7.800000 0.000000
vt 0.000000 0.000000 0.000000
vt -2.400002 0.000000 0.000000
vt 0.000000 -0.699997 0.000000
vt 0.000000 0.000000 0.000000
vt 0.000000 -0.699997 0.000000
vt 2.400002 -0.699997 0.000000
vt 0.000000 0.000000 0.000000
vt 0.000000 7.800000 0.000000
vt -0.699997 0.000000 0.000000
vt 0.000000 0.000000 0.000000
vt -0.699997 0.000000 0.000000
vt -0.699997 -7.800000 0.000000
vt 0.000000 0.000000 0.000000
vt -2.400002 0.000000 0.000000
vt 0.000000 -0.699997 0.000000
vt 0.000000 0.000000 0.000000
vt 0.000000 -0.699997 0.000000
vt 2.400002 -0.699997 0.000000
vt 0.000000 0.000000 0.000000
vt -0.699997 0.000000 0.000000
vt 0.000000 -0.400000 0.000000
vt 0.000000 0.000000 0.000000
vt 0.000000 -7.800000 0.000000
vt 0.699997 -0.400000 0.000000
vt 0.000000 0.000000 0.000000
vt -0.699997 -7.400000 0.000000
vt 0.000000 -7.000000 0.000000
vt 0.000000 0.000000 0.000000
vt 0.699997 0.000000 0.000000
vt 0.699997 0.400000 0.000000
vt 0.000000 0.000000 0.000000
vt 0.000000 -0.400000 0.000000
vt 2.200001 0.000000 0.000000
vt 0.000000 0.000000 0.000000
vt 2.400002 0.000000 0.000000
vt 2.200001 0.400000 0.000000
vt 0.000000 0.000000 0.000000
vt 0.200001 -0.400000 0.000000
vt 0.000000 7.000000 0.000000
vt 0.000000 0.000000 0.000000
vt 0.000000 7.800000 0.000000
vt -0.200001 7.400000 0.000000
vt 0.000000 0.000000 0.000000
vt -2.400002 0.000000 0.000000
vt -0.200001 -0.400000 0.000000
vt 0.000000 0.000000 0.000000
vt 0.000000 -0.400000 0.000000
vt 2.200001 -0.400000 0.000000
vt 0.000000 0.000000 0.000000
vn -0.070714 0.070707 0.000000
vn -0.070714 0.070707 0.000000
vn -0.070714 0.070707 0.000000
vn -0.070714 -0.070707 0.000000
vn -0.070714 -0.070707 0.000000
vn -0.070714 -0.070707 0.000000
vn -0.050000 -0.070711 0.050000
vn -0.050000 -0.070711 0.050000
vn -0.050000 -0.070711 0.050000
vn -0.070711 0.000000 0.070711
vn -0.070711 0.000000 0.070711
vn -0.070711 0.000000 0.070711
vn -0.070711 0.000000 0.070711
vn -0.092388 0.000000 0.038268
vn -0.092388 0.000000 0.038268
vn -0.092388 0.000000 0.038268
vn -0.092388 0.000000 0.038268
vn -0.100000 0.000000 0.000000
vn -0.100000 0.000000 0.000000
vn -0.100000 0.000000 0.000000
vn -0.100000 0.000000 0.000000
vn -0.070708 -0.070713 0.000000
vn -0.070708 -0.070713 0.000000
vn -0.070708 -0.070713 0.000000
vn -0.075698 0.057330 0.031354
vn -0.075698 0.057330 0.031354
vn -0.075698 0.057330 0.031354
vn -0.050000 0.070711 0.050000
vn -0.050000 0.070711 0.050000
vn -0.050000 0.070711 0.050000
vn -0.050000 0.070711 0.050000
vn -0.050000 0.070711 0.050000
vn -0.050000 0.070711 0.050000
vn -0.070711 0.070710 -0.000000
vn -0.070711 0.070710 -0.000000
vn -0.070711 0.070710 -0.000000
vn -0.070708 0.070713 0.000000
vn -0.070708 0.070713 0.000000
vn -0.070708 0.070713 0.000000
vn -0.075698 -0.057330 0.031354
vn -0.075698 -0.057330 0.031354
vn -0.075698 -0.057330 0.031354
vn -0.050000 -0.070711 0.050000
vn -0.050000 -0.070711 0.050000
vn -0.050000 -0.070711 0.050000
vn -0.070711 -0.070710 -0.000000
vn -0.070711 -0.070710 -0.000000
vn -0.070711 -0.070710 -0.000000
vn 0.000000 0.100000 0.000000
vn 0.000000 0.100000 0.000000
vn 0.000000 0.100000 0.000000
vn 0.000000 0.100000 0.000000
vn 0.000000 0.000000 -0.100000
vn 0.000000 0.000000 -0.100000
vn 0.000000 0.000000 -0.100000
vn 0.000000 0.000000 -0.100000
vn 0.000000 0.000000 -0.100000
vn 0.000000 0.000000 -0.100000
vn 0.000000 0.000000 -0.100000
vn 0.000000 0.000000 -0.100000
vn 0.000000 0.000000 -0.100000
vn 0.000000 0.000000 -0.100000
vn 0.000000 0.000000 -0.100000
vn 0.000000 0.000000 -0.100000
vn 0.000000 0.000000 -0.100000
vn 0.000000 0.000000 -0.100000
vn 0.000000 0.000000 -0.100000
vn 0.000000 0.000000 -0.100000
vn 0.000000 0.000000 -0.100000
vn 0.000000 0.000000 -0.100000
vn 0.000000 0.000000 -0.100000
vn 0.000000 0.000000 -0.100000
vn 0.000000 0.000000 -0.100000
vn 0.000000 0.000000 -0.100000
vn 0.000000 0.000000 -0.100000
vn 0.000000 0.000000 -0.100000
vn 0.000000 0.000000 -0.100000
vn 0.000000 0.000000 -0.100000
vn 0.000000 0.000000 -0.100000
vn 0.000000 0.000000 -0.100000
vn 0.069709 0.071698 0.000000
vn 0.069709 0.071698 0.000000
vn 0.069709 0.071698 0.000000
vn 0.069709 0.071698 0.000000
vn 0.059382 0.080460 0.000000
vn 0.059382 0.080460 0.000000
vn 0.059382 0.080460 0.000000
vn 0.059382 0.080460 0.000000
vn 0.047966 0.087745 0.000000
vn 0.047966 0.087745 0.000000
vn 0.047966 0.087745 0.000000
vn 0.047966 0.087745 0.000000
vn 0.035670 0.093422 0.000000
vn 0.035670 0.093422 0.000000
vn 0.035670 0.093422 0.000000
vn 0.035670 0.093422 0.000000
vn 0.022721 0.097385 0.000000
vn 0.022721 0.097385 0.000000
vn 0.022721 0.097385 0.000000
vn 0.022721 0.097385 0.000000
vn 0.009355 0.099561 0.000000
vn 0.009355 0.099561 0.000000
vn 0.009355 0.099561 0.000000
vn 0.009355 0.099561 0.000000
vn -0.004183 0.099912 0.000000
vn -0.004183 0.099912 0.000000
vn -0.004183 0.099912 0.000000
vn -0.004183 0.099912 0.000000
vn -0.017644 0.098431 0.000000
vn -0.017644 0.098431 0.000000
vn -0.017644 0.098431 0.000000
vn -0.017644 0.098431 0.000000
vn -0.030783 0.095144 0.000000
vn -0.030783 0.095144 0.000000
vn -0.030783 0.095144 0.000000
vn -0.030783 0.095144 0.000000
vn -0.043355 0.090113 0.000000
vn -0.043355 0.090113 0.000000
vn -0.043355 0.090113 0.000000
vn -0.043355 0.090113 0.000000
vn 0.069709 -0.071698 0.000000
vn 0.069709 -0.071698 0.000000
vn 0.069709 -0.071698 0.000000
vn 0.069709 -0.071698 0.000000
vn 0.059382 -0.080460 0.000000
vn 0.059382 -0.080460 0.000000
vn 0.059382 -0.080460 0.000000
vn 0.059382 -0.080460 0.000000
vn 0.047966 -0.087745 0.000000
vn 0.047966 -0.087745 0.000000
vn 0.047966 -0.087745 0.000000
vn 0.047966 -0.087745 0.000000
vn 0.035670 -0.093422 0.000000
vn 0.035670 -0.093422 0.000000
vn 0.035670 -0.093422 0.000000
vn 0.035670 -0.093422 0.000000
vn 0.022721 -0.097385 0.000000
vn 0.022721 -0.097385 0.000000
vn 0.022721 -0.097385 0.000000
vn 0.022721 -0.097385 0.000000
vn 0.009355 -0.099561 0.000000
vn 0.009355 -0.099561 0.000000
vn 0.009355 -0.099561 0.000000
vn 0.009355 -0.099561 0.000000
vn -0.004183 -0.099912 0.000000
vn -0.004183 -0.099912 0.000000
vn -0.004183 -0.099912 0.000000
vn -0.004183 -0.099912 0.000000
vn -0.017644 -0.098431 0.000000
vn -0.017644 -0.098431 0.000000
vn -0.017644 -0.098431 0.000000
vn -0.017644 -0.098431 0.000000
vn -0.030783 -0.095144 0.000000
vn -0.030783 -0.095144 0.000000
vn -0.030783 -0.095144 0.000000
vn -0.030783 -0.095144 0.000000
vn -0.043355 -0.090113 0.000000
vn -0.043355 -0.090113 0.000000
vn -0.043355 -0.090113 0.000000
vn -0.043355 -0.090113 0.000000
vn 0.022864 -0.049836 0.083628
vn 0.022864 -0.049836 0.083628
vn 0.022864 -0.049836 0.083628
vn -0.016135 -0.058596 0.079411
vn -0.016135 -0.058596 0.079411
vn -0.016135 -0.058596 0.079411
vn -0.033335 -0.060417 0.072378
vn -0.033335 -0.060417 0.072378
vn -0.033335 -0.060417 0.072378
vn -0.031475 -0.065420 0.068771
vn -0.031475 -0.065420 0.068771
vn -0.031475 -0.065420 0.068771
vn -0.024964 -0.064313 0.072392
vn -0.024964 -0.064313 0.072392
vn -0.024964 -0.064313 0.072392
vn -0.022352 -0.069086 0.068757
vn -0.022352 -0.069086 0.068757
vn -0.022352 -0.069086 0.068757
vn -0.016148 -0.067058 0.072404
vn -0.016148 -0.067058 0.072404
vn -0.016148 -0.067058 0.072404
vn -0.012814 -0.071484 0.068745
vn -0.012814 -0.071484 0.068745
vn -0.012814 -0.071484 0.068745
vn -0.007048 -0.068604 0.072414
vn -0.007048 -0.068604 0.072414
vn -0.007048 -0.068604 0.072414
vn -0.003039 -0.072569 0.068735
vn -0.003039 -0.072569 0.068735
vn -0.003039 -0.072569 0.068735
vn 0.002177 -0.068923 0.072422
vn 0.002177 -0.068923 0.072422
vn 0.002177 -0.068923 0.072422
vn 0.006795 -0.072321 0.068727
vn 0.006795 -0.072321 0.068727
vn 0.006795 -0.072321 0.068727
vn 0.011360 -0.068008 0.072428
vn 0.011360 -0.068008 0.072428
vn 0.011360 -0.068008 0.072428
vn 0.016506 -0.070746 0.068721
vn 0.016506 -0.070746 0.068721
vn 0.016506 -0.070746 0.068721
vn 0.020339 -0.065879 0.072431
vn 0.020339 -0.065879 0.072431
vn 0.020339 -0.065879 0.072431
vn 0.025914 -0.067870 0.068718
vn 0.025914 -0.067870 0.068718
vn 0.025914 -0.067870 0.068718
vn 0.028954 -0.062569 0.072434
vn 0.028954 -0.062569 0.072434
vn 0.028954 -0.062569 0.072434
vn 0.034847 -0.063746 0.068718
vn 0.034847 -0.063746 0.068718
vn 0.034847 -0.063746 0.068718
vn 0.037050 -0.058142 0.072435
vn 0.037050 -0.058142 0.072435
vn 0.037050 -0.058142 0.072435
vn 0.043140 -0.058453 0.068718
vn 0.043140 -0.058453 0.068718
vn 0.043140 -0.058453 0.068718
vn 0.044484 -0.052675 0.072433
vn 0.044484 -0.052675 0.072433
vn 0.044484 -0.052675 0.072433
vn 0.050641 -0.052086 0.068721
vn 0.050641 -0.052086 0.068721
vn 0.050641 -0.052086 0.068721
vn 0.051123 -0.046266 0.072428
vn 0.051123 -0.046266 0.072428
vn 0.051123 -0.046266 0.072428
vn 0.000000 -0.070711 0.070711
vn 0.000000 -0.070711 0.070711
vn 0.000000 -0.070711 0.070711
vn 0.000000 -0.070711 0.070711
vn -0.000000 -0.070711 0.070711
vn -0.000000 -0.070711 0.070711
vn -0.000000 -0.070711 0.070711
vn 0.022864 -0.049836 -0.083628
vn 0.022864 -0.049836 -0.083628
vn 0.022864 -0.049836 -0.083628
vn 0.041700 -0.090891 0.000000
vn 0.041700 -0.090891 0.000000
vn 0.041700 -0.090891 0.000000
vn 0.041700 -0.090891 0.000000
vn 0.057736 -0.057735 0.057735
vn 0.057736 -0.057735 0.057735
vn 0.057736 -0.057735 0.057735
vn 0.070711 0.000000 0.070710
vn 0.070711 0.000000 0.070710
vn 0.070711 0.000000 0.070710
vn 0.070711 0.000000 0.070710
vn 0.070711 0.000000 0.070710
vn 0.000000 -0.070711 0.070711
vn 0.000000 -0.070711 0.070711
vn 0.000000 -0.070711 0.070711
vn 0.000000 -0.070711 0.070711
vn -0.016135 -0.058596 -0.079411
vn -0.016135 -0.058596 -0.079411
vn -0.016135 -0.058596 -0.079411
vn -0.033335 -0.060417 -0.072378
vn -0.033335 -0.060417 -0.072378
vn -0.033335 -0.060417 -0.072378
vn -0.031475 -0.065420 -0.068771
vn -0.031475 -0.065420 -0.068771
vn -0.031475 -0.065420 -0.068771
vn -0.024964 -0.064313 -0.072392
vn -0.024964 -0.064313 -0.072392
vn -0.024964 -0.064313 -0.072392
vn -0.022352 -0.069086 -0.068757
vn -0.022352 -0.069086 -0.068757
vn -0.022352 -0.069086 -0.068757
vn -0.016148 -0.067058 -0.072404
vn -0.016148 -0.067058 -0.072404
vn -0.016148 -0.067058 -0.072404
vn -0.012814 -0.071484 -0.068745
vn -0.012814 -0.071484 -0.068745
vn -0.012814 -0.071484 -0.068745
vn -0.007048 -0.068604 -0.072414
vn -0.007048 -0.068604 -0.072414
vn -0.007048 -0.068604 -0.072414
vn -0.003039 -0.072569 -0.068735
vn -0.003039 -0.072569 -0.068735
vn -0.003039 -0.072569 -0.068735
vn 0.002177 -0.068923 -0.072422
vn 0.002177 -0.068923 -0.072422
vn 0.002177 -0.068923 -0.072422
vn 0.006795 -0.072321 -0.068727
vn 0.006795 -0.072321 -0.068727
vn 0.006795 -0.072321 -0.068727
vn 0.011360 -0.068008 -0.072428
vn 0.011360 -0.068008 -0.072428
vn 0.011360 -0.068008 -0.072428
vn 0.016506 -0.070746 -0.068721
vn 0.016506 -0.070746 -0.068721
vn 0.016506 -0.070746 -0.068721
vn 0.020339 -0.065879 -0.072431
vn 0.020339 -0.065879 -0.072431
vn 0.020339 -0.065879 -0.072431
vn 0.025914 -0.067870 -0.068718
vn 0.025914 -0.067870 -0.068718
vn 0.025914 -0.067870 -0.068718
vn 0.028954 -0.062569 -0.072434
vn 0.028954 -0.062569 -0.072434
vn 0.028954 -0.062569 -0.072434
vn 0.034847 -0.063746 -0.068718
vn 0.034847 -0.063746 -0.068718
vn 0.034847 -0.063746 -0.068718
vn 0.037050 -0.058142 -0.072435
vn 0.037050 -0.058142 -0.072435
vn 0.037050 -0.058142 -0.072435
vn 0.043140 -0.058453 -0.068718
vn 0.043140 -0.058453 -0.068718
vn 0.043140 -0.058453 -0.068718
vn 0.044484 -0.052675 -0.072433
vn 0.044484 -0.052675 -0.072433
vn 0.044484 -0.052675 -0.072433
vn 0.050641 -0.052086 -0.068721
vn 0.050641 -0.052086 -0.068721
vn 0.050641 -0.052086 -0.068721
vn 0.051123 -0.046266 -0.072428
vn 0.051123 -0.046266 -0.072428
vn 0.051123 -0.046266 -0.072428
vn -0.026548 -0.096412 0.000000
vn -0.026548 -0.096412 0.000000
vn -0.026548 -0.096412 0.000000
vn -0.026548 -0.096412 0.000000
vn 0.057736 -0.057735 -0.057735
vn 0.057736 -0.057735 -0.057735
vn 0.057736 -0.057735 -0.057735
vn 0.000000 -0.070711 -0.070711
vn 0.000000 -0.070711 -0.070711
vn 0.000000 -0.070711 -0.070711
vn 0.000000 -0.070711 -0.070711
vn 0.070711 -0.070710 0.000000
vn 0.070711 -0.070710 0.000000
vn 0.070711 -0.070710 0.000000
vn 0.070711 -0.070710 0.000000
vn 0.000000 -0.070710 -0.070711
vn 0.000000 -0.070710 -0.070711
vn 0.000000 -0.070710 -0.070711
vn 0.000000 -0.070711 -0.070710
vn 0.000000 -0.070711 -0.070710
vn 0.000000 -0.070711 -0.070710
vn 0.000000 -0.070712 -0.070710
vn 0.000000 -0.070712 -0.070710
vn 0.000000 -0.070712 -0.070710
vn 0.057736 0.057735 -0.057735
vn 0.057736 0.057735 -0.057735
vn 0.057736 0.057735 -0.057735
vn 0.070711 0.000000 -0.070710
vn 0.070711 0.000000 -0.070710
vn 0.070711 0.000000 -0.070710
vn 0.070711 0.000000 -0.070710
vn 0.000000 -0.100000 0.000000
vn 0.000000 -0.100000 0.000000
vn 0.000000 -0.100000 0.000000
vn 0.000000 -0.100000 0.000000
vn 0.000000 -0.100000 0.000000
vn 0.000000 -0.100000 0.000000
vn 0.000000 -0.100000 0.000000
vn 0.000000 -0.100000 0.000000
vn 0.000000 -0.100000 0.000000
vn 0.000000 -0.100000 0.000000
vn 0.000000 -0.100000 0.000000
vn 0.057736 0.057735 0.057735
vn 0.057736 0.057735 0.057735
vn 0.057736 0.057735 0.057735
vn 0.070711 0.000000 0.070710
vn 0.070711 0.000000 0.070710
vn 0.070711 0.000000 0.070710
vn 0.070711 0.000000 0.070710
vn 0.070711 0.000000 0.070710
vn 0.070711 0.070710 0.000000
vn 0.070711 0.070710 0.000000
vn 0.070711 0.070710 0.000000
vn 0.070711 0.070710 0.000000
vn 0.022864 0.049836 -0.083628
vn 0.022864 0.049836 -0.083628
vn 0.022864 0.049836 -0.083628
vn 0.000000 0.070711 -0.070711
vn 0.000000 0.070711 -0.070711
vn 0.000000 0.070711 -0.070711
vn 0.000000 0.070711 -0.070711
vn -0.016135 0.058596 -0.079412
vn -0.016135 0.058596 -0.079412
vn -0.016135 0.058596 -0.079412
vn 0.051123 0.046266 -0.072428
vn 0.051123 0.046266 -0.072428
vn 0.051123 0.046266 -0.072428
vn 0.050641 0.052086 -0.068721
vn 0.050641 0.052086 -0.068721
vn 0.050641 0.052086 -0.068721
vn 0.044484 0.052675 -0.072433
vn 0.044484 0.052675 -0.072433
vn 0.044484 0.052675 -0.072433
vn 0.043140 0.058453 -0.068718
vn 0.043140 0.058453 -0.068718
vn 0.043140 0.058453 -0.068718
vn 0.037050 0.058142 -0.072435
vn 0.037050 0.058142 -0.072435
vn 0.037050 0.058142 -0.072435
vn 0.034847 0.063746 -0.068718
vn 0.034847 0.063746 -0.068718
vn 0.034847 0.063746 -0.068718
vn 0.028954 0.062569 -0.072434
vn 0.028954 0.062569 -0.072434
vn 0.028954 0.062569 -0.072434
vn 0.025914 0.067870 -0.068718
vn 0.025914 0.067870 -0.068718
vn 0.025914 0.067870 -0.068718
vn 0.020339 0.065879 -0.072431
vn 0.020339 0.065879 -0.072431
vn 0.020339 0.065879 -0.072431
vn 0.016506 0.070746 -0.068721
vn 0.016506 0.070746 -0.068721
vn 0.016506 0.070746 -0.068721
vn 0.011360 0.068008 -0.072428
vn 0.011360 0.068008 -0.072428
vn 0.011360 0.068008 -0.072428
vn 0.006795 0.072321 -0.068727
vn 0.006795 0.072321 -0.068727
vn 0.006795 0.072321 -0.068727
vn 0.002177 0.068923 -0.072422
vn 0.002177 0.068923 -0.072422
vn 0.002177 0.068923 -0.072422
vn -0.003039 0.072569 -0.068735
vn -0.003039 0.072569 -0.068735
vn -0.003039 0.072569 -0.068735
vn -0.007048 0.068604 -0.072414
vn -0.007048 0.068604 -0.072414
vn -0.007048 0.068604 -0.072414
vn -0.012814 0.071484 -0.068745
vn -0.012814 0.071484 -0.068745
vn -0.012814 0.071484 -0.068745
vn -0.016148 0.067058 -0.072404
vn -0.016148 0.067058 -0.072404
vn -0.016148 0.067058 -0.072404
vn -0.022352 0.069086 -0.068757
vn -0.022352 0.069086 -0.068757
vn -0.022352 0.069086 -0.068757
vn -0.024964 0.064313 -0.072392
vn -0.024964 0.064313 -0.072392
vn -0.024964 0.064313 -0.072392
vn -0.031475 0.065421 -0.068771
vn -0.031475 0.065421 -0.068771
vn -0.031475 0.065421 -0.068771
vn -0.033336 0.060416 -0.072378
vn -0.033336 0.060416 -0.072378
vn -0.033336 0.060416 -0.072378
vn 0.022864 0.049836 0.083628
vn 0.022864 0.049836 0.083628
vn 0.022864 0.049836 0.083628
vn 0.000000 0.070711 0.070711
vn 0.000000 0.070711 0.070711
vn 0.000000 0.070711 0.070711
vn 0.000000 0.070711 0.070711
vn 0.041700 0.090890 0.000000
vn 0.041700 0.090890 0.000000
vn 0.041700 0.090890 0.000000
vn 0.041700 0.090890 0.000000
vn -0.016135 0.058596 0.079412
vn -0.016135 0.058596 0.079412
vn -0.016135 0.058596 0.079412
vn -0.026548 0.096412 0.000000
vn -0.026548 0.096412 0.000000
vn -0.026548 0.096412 0.000000
vn -0.026548 0.096412 0.000000
vn 0.051123 0.046266 0.072428
vn 0.051123 0.046266 0.072428
vn 0.051123 0.046266 0.072428
vn 0.050641 0.052086 0.068721
vn 0.050641 0.052086 0.068721
vn 0.050641 0.052086 0.068721
vn 0.044484 0.052675 0.072433
vn 0.044484 0.052675 0.072433
vn 0.044484 0.052675 0.072433
vn 0.043140 0.058453 0.068718
vn 0.043140 0.058453 0.068718
vn 0.043140 0.058453 0.068718
vn 0.037050 0.058142 0.072435
vn 0.037050 0.058142 0.072435
vn 0.037050 0.058142 0.072435
vn 0.034847 0.063746 0.068718
vn 0.034847 0.063746 0.068718
vn 0.034847 0.063746 0.068718
vn 0.028954 0.062569 0.072434
vn 0.028954 0.062569 0.072434
vn 0.028954 0.062569 0.072434
vn 0.025914 0.067870 0.068718
vn 0.025914 0.067870 0.068718
vn 0.025914 0.067870 0.068718
vn 0.020339 0.065879 0.072431
vn 0.020339 0.065879 0.072431
vn 0.020339 0.065879 0.072431
vn 0.016506 0.070746 0.068721
vn 0.016506 0.070746 0.068721
vn 0.016506 0.070746 0.068721
vn 0.011360 0.068008 0.072428
vn 0.011360 0.068008 0.072428
vn 0.011360 0.068008 0.072428
vn 0.006795 0.072321 0.068727
vn 0.006795 0.072321 0.068727
vn 0.006795 0.072321 0.068727
vn 0.002177 0.068923 0.072422
vn 0.002177 0.068923 0.072422
vn 0.002177 0.068923 0.072422
vn -0.003039 0.072569 0.068735
vn -0.003039 0.072569 0.068735
vn -0.003039 0.072569 0.068735
vn -0.007048 0.068604 0.072414
vn -0.007048 0.068604 0.072414
vn -0.007048 0.068604 0.072414
vn -0.012814 0.071484 0.068745
vn -0.012814 0.071484 0.068745
vn -0.012814 0.071484 0.068745
vn -0.016148 0.067058 0.072404
vn -0.016148 0.067058 0.072404
vn -0.016148 0.067058 0.072404
vn -0.022352 0.069086 0.068757
vn -0.022352 0.069086 0.068757
vn -0.022352 0.069086 0.068757
vn -0.024964 0.064313 0.072392
vn -0.024964 0.064313 0.072392
vn -0.024964 0.064313 0.072392
vn -0.031475 0.065421 0.068771
vn -0.031475 0.065421 0.068771
vn -0.031475 0.065421 0.068771
vn -0.033336 0.060416 0.072378
vn -0.033336 0.060416 0.072378
vn -0.033336 0.060416 0.072378
vn 0.000000 0.070711 0.070711
vn 0.000000 0.070711 0.070711
vn 0.000000 0.070711 0.070711
vn 0.000000 0.070711 0.070711
vn -0.000000 0.070711 0.070711
vn -0.000000 0.070711 0.070711
vn -0.000000 0.070711 0.070711
vn 0.000000 -0.100000 0.000000
vn 0.000000 -0.100000 0.000000
vn 0.000000 -0.100000 0.000000
vn 0.000000 -0.100000 0.000000
vn 0.000000 -0.070711 0.070711
vn 0.000000 -0.070711 0.070711
vn 0.000000 -0.070711 0.070711
vn 0.000000 -0.070711 0.070711
vn 0.000000 0.000000 0.100000
vn 0.000000 0.000000 0.100000
vn 0.000000 0.000000 0.100000
vn 0.000000 0.000000 0.100000
vn 0.100000 0.000000 0.000000
vn 0.100000 0.000000 0.000000
vn 0.100000 0.000000 0.000000
vn 0.100000 0.000000 0.000000
vn 0.100000 0.000000 0.000000
vn 0.100000 0.000000 0.000000
vn 0.100000 0.000000 0.000000
vn 0.100000 0.000000 0.000000
vn 0.100000 0.000000 0.000000
vn 0.100000 0.000000 0.000000
vn 0.100000 0.000000 0.000000
vn 0.100000 0.000000 0.000000
vn 0.100000 0.000000 0.000000
vn 0.100000 0.000000 0.000000
vn 0.000000 0.070711 0.070711
vn 0.000000 0.070711 0.070711
vn 0.000000 0.070711 0.070711
vn 0.000000 0.070711 0.070711
vn 0.000000 0.100000 0.000000
vn 0.000000 0.100000 0.000000
vn 0.000000 0.100000 0.000000
vn 0.000000 0.100000 0.000000
vn 0.000000 -0.100000 0.000000
vn 0.000000 -0.100000 0.000000
vn 0.000000 -0.100000 0.000000
vn 0.000000 -0.100000 0.000000
vn 0.000000 0.100000 0.000000
vn 0.000000 0.100000 0.000000
vn 0.000000 0.100000 0.000000
vn 0.000000 0.100000 0.000000
vn 0.000000 0.100000 0.000000
vn 0.000000 0.100000 0.000000
vn 0.000000 0.100000 0.000000
vn 0.000000 0.100000 0.000000
vn 0.000000 0.100000 0.000000
vn 0.000000 0.100000 0.000000
vn 0.000000 0.100000 0.000000
vn -0.070713 0.000000 -0.070708
vn -0.070713 0.000000 -0.070708
vn -0.070713 0.000000 -0.070708
vn -0.070713 0.000000 -0.070708
vn -0.070709 0.000000 -0.070712
vn -0.070709 0.000000 -0.070712
vn -0.070709 0.000000 -0.070712
vn -0.070709 0.000000 -0.070712
vn 0.070711 0.000000 0.070710
vn 0.070711 0.000000 0.070710
vn 0.070711 0.000000 0.070710
vn 0.070711 0.000000 0.070710
vn 0.000000 -0.070711 0.070711
vn 0.000000 -0.070711 0.070711
vn 0.000000 -0.070711 0.070711
vn 0.000000 -0.070711 0.070711
vn 0.000000 0.000000 0.100000
vn 0.000000 0.000000 0.100000
vn 0.000000 0.000000 0.100000
vn 0.000000 0.000000 0.100000
vn 0.000000 0.000000 0.100000
vn 0.000000 0.000000 0.100000
vn 0.000000 0.000000 0.100000
vn 0.000000 0.000000 0.100000
vn 0.000000 0.000000 0.100000
vn 0.000000 0.000000 0.100000
vn 0.000000 0.000000 0.100000
vn 0.000000 0.000000 0.100000
vn 0.000000 0.000000 0.100000
vn 0.000000 0.000000 0.100000
vn 0.000000 0.000000 0.100000
vn 0.000000 0.000000 0.100000
vn 0.000000 0.000000 0.100000
vn 0.000000 0.000000 0.100000
vn 0.000000 0.000000 0.100000
vn 0.000000 0.000000 0.100000
vn 0.070711 0.000000 0.070710
vn 0.070711 0.000000 0.070710
vn 0.070711 0.000000 0.070710
vn 0.070711 0.000000 0.070710
vn 0.000000 0.070711 0.070711
vn 0.000000 0.070711 0.070711
vn 0.000000 0.070711 0.070711
vn 0.000000 0.070711 0.070711
vn 0.000000 0.000000 0.100000
vn 0.000000 0.000000 0.100000
vn 0.000000 0.000000 0.100000
vn 0.000000 0.000000 0.100000
vn 0.000000 0.000000 0.100000
vn 0.000000 0.000000 0.100000
vn 0.000000 0.000000 0.100000
vn 0.000000 0.000000 0.100000
vn 0.000000 0.000000 0.100000
vn 0.000000 0.000000 0.100000
vn 0.000000 0.000000 0.100000
vn 0.000000 0.000000 0.100000
vn 0.000000 0.000000 0.100000
vn 0.000000 0.000000 0.100000
vn 0.000000 0.000000 0.100000
vn 0.000000 0.000000 0.100000
vn 0.100000 0.000000 0.000000
vn 0.100000 0.000000 0.000000
vn 0.100000 0.000000 0.000000
vn 0.100000 0.000000 0.000000
vn 0.100000 0.000000 0.000000
vn 0.000000 0.100000 0.000000
vn 0.000000 0.100000 0.000000
vn 0.000000 0.100000 0.000000
vn 0.000000 0.100000 0.000000
vn 0.000000 0.100000 0.000000
vn 0.000000 -0.100000 0.000000
vn 0.000000 -0.100000 0.000000
vn 0.000000 -0.100000 0.000000
vn 0.000000 -0.100000 0.000000
vn 0.000000 -0.100000 0.000000
vn 0.100000 0.000000 0.000000
vn 0.100000 0.000000 0.000000
vn 0.100000 0.000000 0.000000
vn 0.100000 0.000000 0.000000
vn 0.100000 0.000000 0.000000
vn 0.000000 0.000000 0.100000
vn 0.000000 0.000000 0.100000
vn 0.000000 0.000000 0.100000
vn 0.000000 0.000000 0.100000
vn 0.000000 -0.100000 0.000000
vn 0.000000 -0.100000 0.000000
vn 0.000000 -0.100000 0.000000
vn 0.000000 -0.100000 0.000000
vn 0.000000 0.100000 0.000000
vn 0.000000 0.100000 0.000000
vn 0.000000 0.100000 0.000000
vn 0.000000 0.100000 0.000000
vn 0.000000 0.000000 -0.100000
vn 0.000000 0.000000 -0.100000
vn 0.000000 0.000000 -0.100000
vn 0.000000 0.000000 -0.100000
vn 0.000000 0.000000 -0.100000
vn 0.000000 0.000000 -0.100000
vn 0.000000 0.000000 -0.100000
vn 0.000000 0.000000 -0.100000
vn 0.000000 0.000000 -0.100000
vn 0.000000 0.000000 -0.100000
vn 0.000000 0.000000 -0.100000
vn 0.000000 0.000000 -0.100000
vn 0.000000 0.070710 -0.070711
vn 0.000000 0.070710 -0.070711
vn 0.000000 0.070710 -0.070711
vn 0.000000 0.070711 -0.070710
vn 0.000000 0.070711 -0.070710
vn 0.000000 0.070711 -0.070710
vn 0.000000 0.070712 -0.070710
vn 0.000000 0.070712 -0.070710
vn 0.000000 0.070712 -0.070710
vn -0.100000 0.000000 0.000000
vn -0.100000 0.000000 0.000000
vn -0.100000 0.000000 0.000000
vn -0.100000 0.000000 0.000000
vn -0.100000 0.000000 0.000000
vn -0.100000 0.000000 0.000000
vn 0.000000 0.000000 0.100000
vn 0.000000 0.000000 0.100000
vn 0.000000 0.000000 0.100000
vn 0.000000 0.000000 0.100000
vn 0.100000 0.000000 0.000000
vn 0.100000 0.000000 0.000000
vn 0.100000 0.000000 0.000000
vn 0.100000 0.000000 0.000000
vn 0.100000 0.000000 0.000000
vn 0.100000 0.000000 0.000000
vn 0.100000 0.000000 0.000000
vn 0.100000 0.000000 0.000000
vn 0.100000 0.000000 0.000000
vn 0.100000 0.000000 0.000000
vn 0.100000 0.000000 0.000000
vn 0.100000 0.000000 0.000000
vn 0.100000 0.000000 0.000000
vn 0.100000 0.000000 0.000000
vn 0.100000 0.000000 0.000000
vn 0.100000 0.000000 0.000000
vn 0.100000 0.000000 0.000000
vn 0.100000 0.000000 0.000000
vn 0.100000 0.000000 0.000000
vn 0.100000 0.000000 0.000000
vn 0.100000 0.000000 0.000000
vn 0.100000 0.000000 0.000000
vn 0.000000 0.100000 0.000000
vn 0.000000 0.100000 0.000000
vn 0.000000 0.100000 0.000000
vn 0.000000 0.100000 0.000000
vn 0.000000 0.000000 0.100000
vn 0.000000 0.000000 0.100000
vn 0.000000 0.000000 0.100000
vn 0.000000 0.000000 0.100000
vn 0.000000 -0.100000 0.000000
vn 0.000000 -0.100000 0.000000
vn 0.000000 -0.100000 0.000000
vn 0.000000 -0.100000 0.000000
vn 0.000000 0.000000 -0.100000
vn 0.000000 0.000000 -0.100000
vn 0.000000 0.000000 -0.100000
vn 0.000000 0.000000 -0.100000
vn 0.000000 0.000000 -0.100000
vn 0.000000 0.000000 -0.100000
vn -0.100000 0.000000 0.000000
vn -0.100000 0.000000 0.000000
vn -0.100000 0.000000 0.000000
vn -0.100000 0.000000 0.000000
vn -0.100000 0.000000 0.000000
vn -0.100000 0.000000 0.000000
vn -0.100000 0.000000 0.000000
vn -0.100000 0.000000 0.000000
f 300/1327/1145 301/1328/1146 302/1329/1147
f 303/1330/1148 304/1331/1149 305/1332/1150
f 306/1333/1151 307/1334/1152 308/1335/1153
f 307/1336/1154 306/1337/1155 310/1338/1156
f 310/1338/1156 306/1337/1155 309/1339/1157
f 310/1340/1158 311/1341/1159 307/1342/1160
f 307/1342/1160 311/1341/1159 312/1343/1161
f 311/1344/1162 313/1345/1163 312/1346/1164
f 312/1346/1164 313/1345/1163 314/1347/1165
f 312/1348/1166 314/1349/1167 305/1350/1168
f 311/1351/1169 310/1352/1170 300/1353/1171
f 310/1354/1172 315/1355/1173 300/1356/1174
f 309/1357/1175 315/1358/1176 310/1359/1177
f 302/1360/1178 311/1361/1179 300/1362/1180
f 313/1363/1181 311/1364/1182 302/1365/1183
f 312/1366/1184 304/1367/1185 307/1368/1186
f 308/1369/1187 307/1370/1188 304/1371/1189
f 305/1372/1190 304/1373/1191 312/1374/1192
f 316/1375/1193 317/1376/1194 318/1377/1195
f 319/1378/1196 317/1379/1194 316/1380/1193
f 321/1381/1197 322/1382/1198 320/1383/1199
f 320/1383/1199 322/1382/1198 347/1384/1200
f 347/1384/1200 322/1382/1198 323/1385/1201
f 347/1384/1200 323/1385/1201 346/1386/1202
f 346/1386/1202 323/1385/1201 324/1387/1203
f 346/1386/1202 324/1387/1203 345/1388/1204
f 345/1388/1204 324/1387/1203 325/1389/1205
f 345/1388/1204 325/1389/1205 344/1390/1206
f 344/1390/1206 325/1389/1205 343/1391/1207
f 343/1391/1207 325/1389/1205 342/1392/1208
f 342/1392/1208 325/1389/1205 328/1393/1209
f 342/1392/1208 328/1393/1209 339/1394/1210
f 339/1394/1210 328/1393/1209 338/1395/1211
f 338/1395/1211 328/1393/1209 337/1396/1212
f 337/1396/1212 328/1393/1209 336/1397/1213
f 336/1397/1213 328/1393/1209 329/1398/1214
f 336/1397/1213 329/1398/1214 335/1399/1215
f 335/1399/1215 329/1398/1214 330/1400/1216
f 335/1399/1215 330/1400/1216 334/1401/1217
f 334/1401/1217 330/1400/1216 331/1402/1218
f 334/1401/1217 331/1402/1218 333/1403/1219
f 333/1403/1219 331/1402/1218 332/1404/1220
f 325/1389/1205 326/1405/1221 328/1393/1209
f 328/1393/1209 326/1405/1221 327/1406/1222
f 339/1394/1210 340/1407/1223 342/1392/1208
f 342/1392/1208 340/1407/1223 341/1408/1224
f 348/1409/1225 349/1410/1226 350/1411/1227
f 351/1412/1228 349/1413/1226 348/1414/1225
f 351/1415/1229 352/1416/1230 349/1417/1231
f 353/1418/1232 352/1419/1230 351/1420/1229
f 353/1421/1233 354/1422/1234 352/1423/1235
f 355/1424/1236 354/1425/1234 353/1426/1233
f 355/1427/1237 356/1428/1238 354/1429/1239
f 357/1430/1240 356/1431/1238 355/1432/1237
f 357/1433/1241 358/1434/1242 356/1435/1243
f 359/1436/1244 358/1437/1242 357/1438/1241
f 359/1439/1245 360/1440/1246 358/1441/1247
f 361/1442/1248 360/1443/1246 359/1444/1245
f 361/1445/1249 362/1446/1250 360/1447/1251
f 363/1448/1252 362/1449/1250 361/1450/1249
f 363/1451/1253 364/1452/1254 362/1453/1255
f 365/1454/1256 364/1455/1254 363/1456/1253
f 365/1457/1257 366/1458/1258 364/1459/1259
f 367/1460/1260 366/1461/1258 365/1462/1257
f 367/1463/1261 368/1464/1262 366/1465/1263
f 369/1466/1264 368/1467/1262 367/1468/1261
f 370/1469/1265 371/1470/1266 372/1471/1267
f 373/1472/1268 371/1473/1266 370/1474/1265
f 373/1475/1269 374/1476/1270 371/1477/1271
f 375/1478/1272 374/1479/1270 373/1480/1269
f 375/1481/1273 376/1482/1274 374/1483/1275
f 377/1484/1276 376/1485/1274 375/1486/1273
f 377/1487/1277 378/1488/1278 376/1489/1279
f 379/1490/1280 378/1491/1278 377/1492/1277
f 379/1493/1281 380/1494/1282 378/1495/1283
f 381/1496/1284 380/1497/1282 379/1498/1281
f 381/1499/1285 382/1500/1286 380/1501/1287
f 383/1502/1288 382/1503/1286 381/1504/1285
f 383/1505/1289 384/1506/1290 382/1507/1291
f 385/1508/1292 384/1509/1290 383/1510/1289
f 385/1511/1293 386/1512/1294 384/1513/1295
f 387/1514/1296 386/1515/1294 385/1516/1293
f 387/1517/1297 388/1518/1298 386/1519/1299
f 389/1520/1300 388/1521/1298 387/1522/1297
f 389/1523/1301 390/1524/1302 388/1525/1303
f 391/1526/1304 390/1527/1302 389/1528/1301
f 392/1529/1305 370/1530/1306 393/1531/1307
f 394/1532/1308 395/1533/1309 391/1534/1310
f 391/1535/1311 396/1536/1312 394/1537/1313
f 389/1538/1314 396/1539/1315 391/1540/1316
f 389/1541/1317 397/1542/1318 396/1543/1319
f 387/1544/1320 397/1545/1321 389/1546/1322
f 387/1547/1323 398/1548/1324 397/1549/1325
f 385/1550/1326 398/1551/1327 387/1552/1328
f 385/1553/1329 399/1554/1330 398/1555/1331
f 383/1556/1332 399/1557/1333 385/1558/1334
f 383/1559/1335 400/1560/1336 399/1561/1337
f 381/1562/1338 400/1563/1339 383/1564/1340
f 381/1565/1341 401/1566/1342 400/1567/1343
f 379/1568/1344 401/1569/1345 381/1570/1346
f 379/1571/1347 402/1572/1348 401/1573/1349
f 377/1574/1350 402/1575/1351 379/1576/1352
f 377/1577/1353 403/1578/1354 402/1579/1355
f 375/1580/1356 403/1581/1357 377/1582/1358
f 375/1583/1359 404/1584/1360 403/1585/1361
f 373/1586/1362 404/1587/1363 375/1588/1364
f 373/1589/1365 405/1590/1366 404/1591/1367
f 370/1592/1368 405/1593/1369 373/1594/1370
f 392/1595/1371 405/1596/1372 370/1597/1373
f 406/1598/1374 395/1599/1375 394/1600/1376
f 406/1601/1374 407/1602/1377 395/1603/1375
f 408/1604/1378 407/1605/1379 406/1606/1380
f 409/1607/1381 372/1608/1382 342/1609/1383
f 393/1610/1384 372/1611/1385 409/1612/1386
f 370/1613/1387 372/1614/1385 393/1615/1384
f 410/1616/1388 411/1617/1389 412/1618/1390
f 412/1619/1391 413/1620/1392 410/1621/1393
f 414/1622/1394 413/1623/1392 412/1624/1391
f 415/1625/1395 413/1626/1392 414/1627/1394
f 393/1628/1396 410/1629/1397 392/1630/1398
f 411/1631/1399 410/1632/1397 393/1633/1396
f 390/1634/1400 416/1635/1401 325/1636/1402
f 324/1637/1403 390/1638/1404 325/1639/1405
f 324/1640/1406 388/1641/1407 390/1642/1408
f 323/1643/1409 388/1644/1410 324/1645/1411
f 323/1646/1412 386/1647/1413 388/1648/1414
f 322/1649/1415 386/1650/1416 323/1651/1417
f 322/1652/1418 384/1653/1419 386/1654/1420
f 321/1655/1421 384/1656/1422 322/1657/1423
f 321/1658/1424 382/1659/1425 384/1660/1426
f 320/1661/1427 382/1662/1428 321/1663/1429
f 320/1664/1430 380/1665/1431 382/1666/1432
f 347/1667/1433 380/1668/1434 320/1669/1435
f 347/1670/1436 378/1671/1437 380/1672/1438
f 346/1673/1439 378/1674/1440 347/1675/1441
f 346/1676/1442 376/1677/1443 378/1678/1444
f 345/1679/1445 376/1680/1446 346/1681/1447
f 345/1682/1448 374/1683/1449 376/1684/1450
f 344/1685/1451 374/1686/1452 345/1687/1453
f 344/1688/1454 371/1689/1455 374/1690/1456
f 343/1691/1457 371/1692/1458 344/1693/1459
f 343/1694/1460 372/1695/1461 371/1696/1462
f 342/1697/1463 372/1698/1464 343/1699/1465
f 391/1700/1466 416/1701/1467 390/1702/1468
f 395/1703/1469 416/1704/1467 391/1705/1466
f 417/1706/1470 418/1707/1471 341/1708/1472
f 341/1709/1473 409/1710/1474 342/1711/1475
f 418/1712/1476 409/1713/1474 341/1714/1473
f 412/1715/1477 418/1716/1478 417/1717/1479
f 411/1718/1480 418/1719/1478 412/1720/1477
f 325/1721/1481 305/1722/1482 326/1723/1483
f 416/1724/1484 305/1725/1485 325/1726/1486
f 303/1727/1487 305/1728/1488 416/1729/1489
f 319/1730/1490 419/1731/1491 340/1732/1492
f 341/1733/1493 419/1734/1494 417/1735/1495
f 340/1736/1496 419/1737/1494 341/1738/1493
f 420/1739/1497 308/1740/1498 424/1741/1499
f 424/1741/1499 308/1740/1498 423/1742/1500
f 423/1742/1500 308/1740/1498 421/1743/1501
f 423/1742/1500 421/1743/1501 422/1744/1502
f 308/1740/1498 304/1745/1503 421/1743/1501
f 421/1743/1501 304/1745/1503 303/1746/1504
f 421/1743/1501 303/1746/1504 407/1747/1505
f 407/1747/1505 303/1746/1504 416/1748/1506
f 407/1747/1505 416/1748/1506 395/1749/1507
f 425/1750/1508 426/1751/1509 316/1752/1510
f 427/1753/1511 426/1754/1512 425/1755/1513
f 427/1756/1511 428/1757/1514 426/1758/1512
f 429/1759/1515 428/1760/1514 427/1761/1511
f 316/1762/1516 419/1763/1517 319/1764/1518
f 426/1765/1519 419/1766/1517 316/1767/1516
f 348/1768/1520 317/1769/1521 339/1770/1522
f 340/1771/1523 317/1772/1524 319/1773/1525
f 339/1774/1526 317/1775/1524 340/1776/1523
f 369/1777/1527 328/1778/1528 430/1779/1529
f 338/1780/1530 348/1781/1531 339/1782/1532
f 338/1783/1533 351/1784/1534 348/1785/1535
f 337/1786/1536 351/1787/1537 338/1788/1538
f 337/1789/1539 353/1790/1540 351/1791/1541
f 336/1792/1542 353/1793/1543 337/1794/1544
f 336/1795/1545 355/1796/1546 353/1797/1547
f 335/1798/1548 355/1799/1549 336/1800/1550
f 335/1801/1551 357/1802/1552 355/1803/1553
f 334/1804/1554 357/1805/1555 335/1806/1556
f 334/1807/1557 359/1808/1558 357/1809/1559
f 333/1810/1560 359/1811/1561 334/1812/1562
f 333/1813/1563 361/1814/1564 359/1815/1565
f 332/1816/1566 361/1817/1567 333/1818/1568
f 332/1819/1569 363/1820/1570 361/1821/1571
f 331/1822/1572 363/1823/1573 332/1824/1574
f 331/1825/1575 365/1826/1576 363/1827/1577
f 330/1828/1578 365/1829/1579 331/1830/1580
f 330/1831/1581 367/1832/1582 365/1833/1583
f 329/1834/1584 367/1835/1585 330/1836/1586
f 329/1837/1587 369/1838/1588 367/1839/1589
f 328/1840/1590 369/1841/1591 329/1842/1592
f 431/1843/1593 318/1844/1594 350/1845/1595
f 318/1846/1596 425/1847/1597 316/1848/1598
f 431/1849/1599 425/1850/1597 318/1851/1596
f 350/1852/1600 317/1853/1601 348/1854/1602
f 318/1855/1603 317/1856/1601 350/1857/1600
f 432/1858/1604 368/1859/1605 433/1860/1606
f 433/1861/1607 369/1862/1608 430/1863/1609
f 368/1864/1610 369/1865/1608 433/1866/1607
f 350/1867/1611 434/1868/1612 431/1869/1613
f 349/1870/1614 434/1871/1615 350/1872/1616
f 349/1873/1617 435/1874/1618 434/1875/1619
f 352/1876/1620 435/1877/1621 349/1878/1622
f 352/1879/1623 436/1880/1624 435/1881/1625
f 354/1882/1626 436/1883/1627 352/1884/1628
f 354/1885/1629 437/1886/1630 436/1887/1631
f 356/1888/1632 437/1889/1633 354/1890/1634
f 356/1891/1635 438/1892/1636 437/1893/1637
f 358/1894/1638 438/1895/1639 356/1896/1640
f 358/1897/1641 439/1898/1642 438/1899/1643
f 360/1900/1644 439/1901/1645 358/1902/1646
f 360/1903/1647 440/1904/1648 439/1905/1649
f 362/1906/1650 440/1907/1651 360/1908/1652
f 362/1909/1653 441/1910/1654 440/1911/1655
f 364/1912/1656 441/1913/1657 362/1914/1658
f 364/1915/1659 442/1916/1660 441/1917/1661
f 366/1918/1662 442/1919/1663 364/1920/1664
f 366/1921/1665 443/1922/1666 442/1923/1667
f 368/1924/1668 443/1925/1669 366/1926/1670
f 432/1927/1671 443/1928/1672 368/1929/1673
f 432/1930/1674 433/1931/1675 444/1932/1676
f 444/1932/1676 433/1931/1675 445/1933/1677
f 446/1934/1678 444/1935/1679 445/1936/1680
f 447/1937/1681 448/1938/1682 449/1939/1683
f 450/1940/1684 448/1941/1682 447/1942/1681
f 450/1943/1685 451/1944/1686 448/1945/1687
f 452/1946/1688 451/1947/1686 450/1948/1685
f 453/1949/1689 454/1950/1690 455/1951/1691
f 456/1952/1692 454/1953/1690 453/1954/1689
f 455/1955/1693 422/1956/1694 457/1957/1695
f 455/1958/1693 423/1959/1696 422/1960/1694
f 454/1961/1697 423/1962/1696 455/1963/1693
f 458/1964/1698 459/1965/1699 460/1966/1700
f 461/1967/1701 459/1968/1699 458/1969/1698
f 461/1970/1701 447/1971/1702 459/1972/1699
f 423/1973/1696 447/1974/1702 461/1975/1701
f 454/1976/1697 447/1977/1702 423/1978/1696
f 454/1979/1697 450/1980/1703 447/1981/1702
f 462/1982/1704 450/1983/1703 454/1984/1697
f 462/1985/1704 452/1986/1705 450/1987/1703
f 463/1988/1706 452/1989/1705 462/1990/1704
f 463/1991/1707 464/1992/1708 465/1993/1709
f 462/1994/1710 464/1995/1708 463/1996/1707
f 456/1997/1711 462/1998/1712 454/1999/1713
f 464/2000/1714 462/2001/1712 456/2002/1711
f 393/2003/1715 418/2004/1716 411/2005/1717
f 409/2006/1718 418/2007/1716 393/2008/1715
f 466/2009/1719 467/2010/1720 315/2011/1721
f 315/2011/1721 467/2010/1720 461/2012/1722
f 315/2011/1721 461/2012/1722 468/2013/1723
f 468/2013/1723 461/2012/1722 458/2014/1724
f 445/2015/1725 301/2016/1726 468/2013/1723
f 468/2013/1723 301/2016/1726 300/2017/1727
f 468/2013/1723 300/2017/1727 315/2011/1721
f 433/2018/1728 430/2019/1729 445/2015/1725
f 445/2015/1725 430/2019/1729 301/2016/1726
f 326/2020/1730 302/2021/1731 327/2022/1732
f 305/2023/1733 302/2024/1731 326/2025/1730
f 302/2026/1734 305/2027/1735 313/2028/1736
f 313/2028/1736 305/2027/1735 314/2029/1737
f 469/2030/1738 408/2031/1739 406/2032/1740
f 470/2033/1741 408/2034/1739 469/2035/1738
f 469/2036/1742 415/2037/1743 470/2038/1744
f 413/2039/1745 415/2040/1743 469/2041/1742
f 469/2042/1746 406/2043/1747 394/2044/1748
f 400/2045/1749 398/2046/1750 399/2047/1751
f 401/2048/1752 398/2049/1750 400/2050/1749
f 401/2051/1752 397/2052/1753 398/2053/1750
f 402/2054/1754 397/2055/1753 401/2056/1752
f 402/2057/1754 396/2058/1755 397/2059/1753
f 403/2060/1756 396/2061/1755 402/2062/1754
f 403/2063/1756 394/2064/1748 396/2065/1755
f 404/2066/1757 394/2067/1748 403/2068/1756
f 405/2069/1758 394/2070/1748 404/2071/1757
f 405/2072/1758 469/2073/1746 394/2074/1748
f 392/2075/1759 469/2076/1746 405/2077/1758
f 392/2078/1759 413/2079/1760 469/2080/1746
f 410/2081/1761 413/2082/1760 392/2083/1759
f 459/2084/1762 449/2085/1763 471/2086/1764
f 447/2087/1765 449/2088/1763 459/2089/1762
f 472/2090/1766 473/2091/1767 446/2092/1768
f 446/2092/1768 473/2091/1767 444/2093/1769
f 472/2094/1770 429/2095/1771 473/2096/1772
f 473/2096/1772 429/2095/1771 427/2097/1773
f 440/2098/1774 441/2099/1775 439/2100/1776
f 439/2100/1776 441/2099/1775 438/2101/1777
f 438/2101/1777 441/2099/1775 442/2102/1778
f 438/2101/1777 442/2102/1778 437/2103/1779
f 437/2103/1779 442/2102/1778 443/2104/1780
f 437/2103/1779 443/2104/1780 436/2105/1781
f 436/2105/1781 443/2104/1780 432/2106/1782
f 436/2105/1781 432/2106/1782 435/2107/1783
f 435/2107/1783 432/2106/1782 434/2108/1784
f 434/2108/1784 432/2106/1782 473/2109/1785
f 434/2108/1784 473/2109/1785 431/2110/1786
f 431/2110/1786 473/2109/1785 427/2111/1787
f 431/2110/1786 427/2111/1787 425/2112/1788
f 432/2106/1782 444/2113/1789 473/2109/1785
f 445/2114/1790 468/2115/1791 446/2116/1792
f 446/2116/1792 468/2115/1791 474/2117/1793
f 446/2116/1792 474/2117/1793 472/2118/1794
f 472/2119/1795 474/2120/1796 429/2121/1797
f 429/2121/1797 474/2120/1796 475/2122/1798
f 429/2121/1797 475/2122/1798 428/2123/1799
f 415/2124/1800 476/2125/1801 470/2126/1802
f 415/2127/1800 477/2128/1803 476/2129/1801
f 414/2130/1804 477/2131/1803 415/2132/1800
f 408/2133/1805 421/2134/1806 407/2135/1807
f 408/2136/1805 476/2137/1808 421/2138/1806
f 470/2139/1809 476/2140/1808 408/2141/1805
f 452/2142/1810 465/2143/1811 451/2144/1812
f 463/2145/1813 465/2146/1811 452/2147/1810
f 455/2148/1814 478/2149/1815 453/2150/1816
f 457/2151/1817 478/2152/1815 455/2153/1814
f 471/2154/1818 460/2155/1819 459/2156/1820
f 479/2157/1821 460/2158/1819 471/2159/1818
f 475/2160/1822 474/2161/1823 460/2162/1824
f 460/2162/1824 474/2161/1823 468/2163/1825
f 460/2162/1824 468/2163/1825 458/2164/1826
f 460/2162/1824 479/2165/1827 475/2160/1822
f 457/2166/1828 422/2167/1829 421/2168/1830
f 457/2169/1828 477/2170/1831 478/2171/1832
f 457/2172/1828 476/2173/1833 477/2174/1831
f 421/2175/1830 476/2176/1833 457/2177/1828
f 302/2178/1834 328/2179/1835 327/2180/1836
f 302/2181/1837 430/2182/1838 328/2183/1839
f 301/2184/1840 430/2185/1841 302/2186/1842
f 466/2187/1843 309/2188/1844 420/2189/1845
f 420/2189/1845 309/2188/1844 306/2190/1846
f 420/2189/1845 306/2190/1846 308/2191/1847
f 315/2192/1848 309/2193/1844 466/2194/1843
f 424/2195/1849 466/2196/1850 420/2197/1851
f 467/2198/1852 466/2199/1850 424/2200/1849
f 449/2201/1853 448/2202/1854 471/2203/1855
f 471/2203/1855 448/2202/1854 475/2204/1856
f 471/2203/1855 475/2204/1856 479/2205/1857
f 448/2202/1854 451/2206/1858 475/2204/1856
f 475/2204/1856 451/2206/1858 428/2207/1859
f 428/2207/1859 451/2206/1858 465/2208/1860
f 428/2207/1859 465/2208/1860 414/2209/1861
f 414/2209/1861 465/2208/1860 477/2210/1862
f 477/2210/1862 465/2208/1860 464/2211/1863
f 477/2210/1862 464/2211/1863 453/2212/1864
f 453/2212/1864 464/2211/1863 456/2213/1865
f 453/2212/1864 478/2214/1866 477/2210/1862
f 412/2215/1867 417/2216/1868 414/2209/1861
f 414/2209/1861 417/2216/1868 428/2207/1859
f 417/2216/1868 419/2217/1869 428/2207/1859
f 428/2207/1859 419/2217/1869 426/2218/1870
f 480/2219/1871 481/2220/1872 482/2221/1873
f 483/2222/1874 481/2223/1872 480/2224/1871
f 483/2225/1875 484/2226/1876 481/2227/1877
f 485/2228/1878 484/2229/1876 483/2230/1875
f 481/2231/1879 486/2232/1880 482/2233/1881
f 484/2234/1882 486/2235/1880 481/2236/1879
f 482/2237/1883 487/2238/1884 480/2239/1885
f 486/2240/1886 487/2241/1884 482/2242/1883
f 483/2243/1887 461/2244/1888 485/2245/1889
f 480/2246/1890 461/2247/1888 483/2248/1887
f 480/2249/1890 423/2250/1891 461/2251/1888
f 487/2252/1892 423/2253/1891 480/2254/1890
f 487/2255/1893 424/2256/1894 423/2257/1895
f 486/2258/1896 424/2259/1894 487/2260/1893
f 486/2261/1896 467/2262/1897 424/2263/1894
f 484/2264/1898 467/2265/1897 486/2266/1896
f 485/2267/1899 467/2268/1897 484/2269/1898
f 461/2270/1900 467/2271/1897 485/2272/1899
# 487 vertices
# 2272 texture params
# 1900 normals
# 966 facets

# 2 groups
